Timestamp,PM2.5 (µg/m³),PM10 (µg/m³),NO (µg/m³),NO2 (µg/m³),NOx (ppb),NH3 (µg/m³),SO2 (µg/m³),CO (mg/m³),Ozone (µg/m³),Benzene (µg/m³),Toluene (µg/m³),Xylene (µg/m³),O Xylene (µg/m³),Eth-Benzene (µg/m³),MP-Xylene (µg/m³),AT (°C),RH (%),WS (m/s),WD (deg),RF (mm),TOT-RF (mm),SR (W/mt2),BP (mmHg),VWS (m/s)
2010-11-01 00:00:00,,,,,,,,,,,,,,,,,,,,,0.0,,,
2010-11-01 01:00:00,,,,,,,,,,,,,,,,,,,,,0.0,,,
2010-11-01 02:00:00,,,,,,,,,,,,,,,,,,,,,0.0,,,
2010-11-01 03:00:00,,,,,,,,,,,,,,,,,,,,,0.0,,,
2010-11-01 04:00:00,,,,,,,,,,,,,,,,,,,,,0.0,,,
2010-11-01 05:00:00,,,,,,,,,,,,,,,,,,,,,0.0,,,
2010-11-01 06:00:00,,,,,,,,,,,,,,,,,,,,,0.0,,,
2010-11-01 07:00:00,,,,,,,,,,,,,,,,,,,,,0.0,,,
2010-11-01 08:00:00,,,,,,,,,,,,,,,,,,,,,0.0,,,
2010-11-01 09:00:00,,,,,,,,,,,,,,,,,,,,,0.0,,,
2010-11-01 10:00:00,,,,,,,,,,,,,,,,,,,,,0.0,,,
2010-11-01 11:00:00,,,,,,,,,,,,,,,,,,,,,0.0,,,
2010-11-01 12:00:00,,,,,,,,,,,,,,,,,,,,,0.0,,,
2010-11-01 13:00:00,,,,,,,,,,,,,,,,,,,,,0.0,,,
2010-11-01 14:00:00,,,,,,,,,,,,,,,,,,,,,0.0,,,
2010-11-01 15:00:00,,,,,,,,,,,,,,,,,,,,,0.0,,,
2010-11-01 16:00:00,,,,,,,,,,,,,,,,,,,,,0.0,,,
2010-11-01 17:00:00,,,,,,,,,,,,,,,,,,,,,0.0,,,
2010-11-01 18:00:00,,,,,,,,,,,,,,,,,,,,,0.0,,,
2010-11-01 19:00:00,,,,,,,,,,,,,,,,,,,,,0.0,,,
2010-11-01 20:00:00,,,,,,,,,,,,,,,,,,,,,0.0,,,
2010-11-01 21:00:00,,,,,,,,,,,,,,,,,,,,,0.0,,,
2010-11-01 22:00:00,,,,,,,,,,,,,,,,,,,,,0.0,,,
2010-11-01 23:00:00,,,,,,,,,,,,,,,,,,,,,0.0,,,
2010-11-02 00:00:00,,,,,,,,,,,,,,,,,,,,,0.0,,,
2010-11-02 01:00:00,,,,,,,,,,,,,,,,,,,,,0.0,,,
2010-11-02 02:00:00,,,,,,,,,,,,,,,,,,,,,0.0,,,
2010-11-02 03:00:00,,,,,,,,,,,,,,,,,,,,,0.0,,,
2010-11-02 04:00:00,,,,,,,,,,,,,,,,,,,,,0.0,,,
2010-11-02 05:00:00,,,,,,,,,,,,,,,,,,,,,0.0,,,
2010-11-02 06:00:00,,,,,,,,,,,,,,,,,,,,,0.0,,,
2010-11-02 07:00:00,,,,,,,,,,,,,,,,,,,,,0.0,,,
2010-11-02 08:00:00,,,,,,,,,,,,,,,,,,,,,0.0,,,
2010-11-02 09:00:00,,,,,,,,,,,,,,,,,,,,,0.0,,,
2010-11-02 10:00:00,,,,,,,,,,,,,,,,,,,,,0.0,,,
2010-11-02 11:00:00,,,,,,,,,,,,,,,,,,,,,0.0,,,
2010-11-02 12:00:00,,,,,,,,,,,,,,,,,,,,,0.0,,,
2010-11-02 13:00:00,,,,,,,,,,,,,,,,,,,,,0.0,,,
2010-11-02 14:00:00,,,,,,,,,,,,,,,,,,,,,0.0,,,
2010-11-02 15:00:00,,,,,,,,,,,,,,,,,,,,,0.0,,,
2010-11-02 16:00:00,,,,,,,,,,,,,,,,,,,,,0.0,,,
2010-11-02 17:00:00,,,,,,,,,,,,,,,,,,,,,0.0,,,
2010-11-02 18:00:00,,,,,,,,,,,,,,,,,,,,,0.0,,,
2010-11-02 19:00:00,,,,,,,,,,,,,,,,,,,,,0.0,,,
2010-11-02 20:00:00,,,,,,,,,,,,,,,,,,,,,0.0,,,
2010-11-02 21:00:00,,,,,,,,,,,,,,,,,,,,,0.0,,,
2010-11-02 22:00:00,,,,,,,,,,,,,,,,,,,,,0.0,,,
2010-11-02 23:00:00,,,,,,,,,,,,,,,,,,,,,0.0,,,
2010-11-03 00:00:00,,,,,,,,,,,,,,,,,,,,,0.0,,,
2010-11-03 01:00:00,,,,,,,,,,,,,,,,,,,,,0.0,,,
2010-11-03 02:00:00,,,,,,,,,,,,,,,,,,,,,0.0,,,
2010-11-03 03:00:00,,,,,,,,,,,,,,,,,,,,,0.0,,,
2010-11-03 04:00:00,,,,,,,,,,,,,,,,,,,,,0.0,,,
2010-11-03 05:00:00,,,,,,,,,,,,,,,,,,,,,0.0,,,
2010-11-03 06:00:00,,,,,,,,,,,,,,,,,,,,,0.0,,,
2010-11-03 07:00:00,,,,,,,,,,,,,,,,,,,,,0.0,,,
2010-11-03 08:00:00,,,,,,,,,,,,,,,,,,,,,0.0,,,
2010-11-03 09:00:00,,,,,,,,,,,,,,,,,,,,,0.0,,,
2010-11-03 10:00:00,,,,,,,,,,,,,,,,,,,,,0.0,,,
2010-11-03 11:00:00,,,,,,,,,,,,,,,,,,,,,0.0,,,
2010-11-03 12:00:00,,,,,,,,,,,,,,,,,,,,,0.0,,,
2010-11-03 13:00:00,,,,,,,,,,,,,,,,,,,,,0.0,,,
2010-11-03 14:00:00,,,,,,,,,,,,,,,,,,,,,0.0,,,
2010-11-03 15:00:00,,,,,,,,,,,,,,,,,,,,,0.0,,,
2010-11-03 16:00:00,,,,,,,,,,,,,,,,,,,,,0.0,,,
2010-11-03 17:00:00,,,,,,,,,,,,,,,,,,,,,0.0,,,
2010-11-03 18:00:00,,,,,,,,,,,,,,,,,,,,,0.0,,,
2010-11-03 19:00:00,,,,,,,,,,,,,,,,,,,,,0.0,,,
2010-11-03 20:00:00,,,,,,,,,,,,,,,,,,,,,0.0,,,
2010-11-03 21:00:00,,,,,,,,,,,,,,,,,,,,,0.0,,,
2010-11-03 22:00:00,,,,,,,,,,,,,,,,,,,,,0.0,,,
2010-11-03 23:00:00,,,,,,,,,,,,,,,,,,,,,0.0,,,
2010-11-04 00:00:00,,,,,,,,,,,,,,,,,,,,,0.0,,,
2010-11-04 01:00:00,,,,,,,,,,,,,,,,,,,,,0.0,,,
2010-11-04 02:00:00,,,,,,,,,,,,,,,,,,,,,0.0,,,
2010-11-04 03:00:00,,,,,,,,,,,,,,,,,,,,,0.0,,,
2010-11-04 04:00:00,,,,,,,,,,,,,,,,,,,,,0.0,,,
2010-11-04 05:00:00,,,,,,,,,,,,,,,,,,,,,0.0,,,
2010-11-04 06:00:00,,,,,,,,,,,,,,,,,,,,,0.0,,,
2010-11-04 07:00:00,,,,,,,,,,,,,,,,,,,,,0.0,,,
2010-11-04 08:00:00,,,,,,,,,,,,,,,,,,,,,0.0,,,
2010-11-04 09:00:00,,,,,,,,,,,,,,,,,,,,,0.0,,,
2010-11-04 10:00:00,,,,,,,,,,,,,,,,,,,,,0.0,,,
2010-11-04 11:00:00,,,,,,,,,,,,,,,,,,,,,0.0,,,
2010-11-04 12:00:00,,,,,,,,,,,,,,,,,,,,,0.0,,,
2010-11-04 13:00:00,,,,,,,,,,,,,,,,,,,,,0.0,,,
2010-11-04 14:00:00,,,,,,,,,,,,,,,,,,,,,0.0,,,
2010-11-04 15:00:00,,,,,,,,,,,,,,,,,,,,,0.0,,,
2010-11-04 16:00:00,,,,,,,,,,,,,,,,,,,,,0.0,,,
2010-11-04 17:00:00,,,,,,,,,,,,,,,,,,,,,0.0,,,
2010-11-04 18:00:00,,,,,,,,,,,,,,,,,,,,,0.0,,,
2010-11-04 19:00:00,,,,,,,,,,,,,,,,,,,,,0.0,,,
2010-11-04 20:00:00,,,,,,,,,,,,,,,,,,,,,0.0,,,
2010-11-04 21:00:00,,,,,,,,,,,,,,,,,,,,,0.0,,,
2010-11-04 22:00:00,,,,,,,,,,,,,,,,,,,,,0.0,,,
2010-11-04 23:00:00,,,,,,,,,,,,,,,,,,,,,0.0,,,
2010-11-05 00:00:00,,,,,,,,,,,,,,,,,,,,,0.0,,,
2010-11-05 01:00:00,,,,,,,,,,,,,,,,,,,,,0.0,,,
2010-11-05 02:00:00,,,,,,,,,,,,,,,,,,,,,0.0,,,
2010-11-05 03:00:00,,,,,,,,,,,,,,,,,,,,,0.0,,,
2010-11-05 04:00:00,,,,,,,,,,,,,,,,,,,,,0.0,,,
2010-11-05 05:00:00,,,,,,,,,,,,,,,,,,,,,0.0,,,
2010-11-05 06:00:00,,,,,,,,,,,,,,,,,,,,,0.0,,,
2010-11-05 07:00:00,,,,,,,,,,,,,,,,,,,,,0.0,,,
2010-11-05 08:00:00,,,,,,,,,,,,,,,,,,,,,0.0,,,
2010-11-05 09:00:00,,,,,,,,,,,,,,,,,,,,,0.0,,,
2010-11-05 10:00:00,,,,,,,,,,,,,,,,,,,,,0.0,,,
2010-11-05 11:00:00,,,,,,,,,,,,,,,,,,,,,0.0,,,
2010-11-05 12:00:00,,,,,,,,,,,,,,,,,,,,,0.0,,,
2010-11-05 13:00:00,,,,,,,,,,,,,,,,,,,,,0.0,,,
2010-11-05 14:00:00,,,,,,,,,,,,,,,,,,,,,0.0,,,
2010-11-05 15:00:00,,,,,,,,,,,,,,,,,,,,,0.0,,,
2010-11-05 16:00:00,,,,,,,,,,,,,,,,,,,,,0.0,,,
2010-11-05 17:00:00,,,,,,,,,,,,,,,,,,,,,0.0,,,
2010-11-05 18:00:00,,,,,,,,,,,,,,,,,,,,,0.0,,,
2010-11-05 19:00:00,,,,,,,,,,,,,,,,,,,,,0.0,,,
2010-11-05 20:00:00,,,,,,,,,,,,,,,,,,,,,0.0,,,
2010-11-05 21:00:00,,,,,,,,,,,,,,,,,,,,,0.0,,,
2010-11-05 22:00:00,,,,,,,,,,,,,,,,,,,,,0.0,,,
2010-11-05 23:00:00,,,,,,,,,,,,,,,,,,,,,0.0,,,
2010-11-06 00:00:00,,,,,,,,,,,,,,,,,,,,,0.0,,,
2010-11-06 01:00:00,,,,,,,,,,,,,,,,,,,,,0.0,,,
2010-11-06 02:00:00,,,,,,,,,,,,,,,,,,,,,0.0,,,
2010-11-06 03:00:00,,,,,,,,,,,,,,,,,,,,,0.0,,,
2010-11-06 04:00:00,,,,,,,,,,,,,,,,,,,,,0.0,,,
2010-11-06 05:00:00,,,,,,,,,,,,,,,,,,,,,0.0,,,
2010-11-06 06:00:00,,,,,,,,,,,,,,,,,,,,,0.0,,,
2010-11-06 07:00:00,,,,,,,,,,,,,,,,,,,,,0.0,,,
2010-11-06 08:00:00,,,,,,,,,,,,,,,,,,,,,0.0,,,
2010-11-06 09:00:00,,,,,,,,,,,,,,,,,,,,,0.0,,,
2010-11-06 10:00:00,,,,,,,,,,,,,,,,,,,,,0.0,,,
2010-11-06 11:00:00,,,,,,,,,,,,,,,,,,,,,0.0,,,
2010-11-06 12:00:00,,,,,,,,,,,,,,,,,,,,,0.0,,,
2010-11-06 13:00:00,,,,,,,,,,,,,,,,,,,,,0.0,,,
2010-11-06 14:00:00,,,,,,,,,,,,,,,,,,,,,0.0,,,
2010-11-06 15:00:00,,,,,,,,,,,,,,,,,,,,,0.0,,,
2010-11-06 16:00:00,,,,,,,,,,,,,,,,,,,,,0.0,,,
2010-11-06 17:00:00,,,,,,,,,,,,,,,,,,,,,0.0,,,
2010-11-06 18:00:00,,,,,,,,,,,,,,,,,,,,,0.0,,,
2010-11-06 19:00:00,,,,,,,,,,,,,,,,,,,,,0.0,,,
2010-11-06 20:00:00,,,,,,,,,,,,,,,,,,,,,0.0,,,
2010-11-06 21:00:00,,,,,,,,,,,,,,,,,,,,,0.0,,,
2010-11-06 22:00:00,,,,,,,,,,,,,,,,,,,,,0.0,,,
2010-11-06 23:00:00,,,,,,,,,,,,,,,,,,,,,0.0,,,
2010-11-07 00:00:00,,,,,,,,,,,,,,,,,,,,,0.0,,,
2010-11-07 01:00:00,,,,,,,,,,,,,,,,,,,,,0.0,,,
2010-11-07 02:00:00,,,,,,,,,,,,,,,,,,,,,0.0,,,
2010-11-07 03:00:00,,,,,,,,,,,,,,,,,,,,,0.0,,,
2010-11-07 04:00:00,,,,,,,,,,,,,,,,,,,,,0.0,,,
2010-11-07 05:00:00,,,,,,,,,,,,,,,,,,,,,0.0,,,
2010-11-07 06:00:00,,,,,,,,,,,,,,,,,,,,,0.0,,,
2010-11-07 07:00:00,,,,,,,,,,,,,,,,,,,,,0.0,,,
2010-11-07 08:00:00,,,,,,,,,,,,,,,,,,,,,0.0,,,
2010-11-07 09:00:00,,,,,,,,,,,,,,,,,,,,,0.0,,,
2010-11-07 10:00:00,,,,,,,,,,,,,,,,,,,,,0.0,,,
2010-11-07 11:00:00,,,,,,,,,,,,,,,,,,,,,0.0,,,
2010-11-07 12:00:00,,,,,,,,,,,,,,,,,,,,,0.0,,,
2010-11-07 13:00:00,,,,,,,,,,,,,,,,,,,,,0.0,,,
2010-11-07 14:00:00,,,,,,,,,,,,,,,,,,,,,0.0,,,
2010-11-07 15:00:00,,,,,,,,,,,,,,,,,,,,,0.0,,,
2010-11-07 16:00:00,,,,,,,,,,,,,,,,,,,,,0.0,,,
2010-11-07 17:00:00,,,,,,,,,,,,,,,,,,,,,0.0,,,
2010-11-07 18:00:00,,,,,,,,,,,,,,,,,,,,,0.0,,,
2010-11-07 19:00:00,,,,,,,,,,,,,,,,,,,,,0.0,,,
2010-11-07 20:00:00,,,,,,,,,,,,,,,,,,,,,0.0,,,
2010-11-07 21:00:00,,,,,,,,,,,,,,,,,,,,,0.0,,,
2010-11-07 22:00:00,,,,,,,,,,,,,,,,,,,,,0.0,,,
2010-11-07 23:00:00,,,,,,,,,,,,,,,,,,,,,0.0,,,
2010-11-08 00:00:00,,,,,,,,,,,,,,,,,,,,,0.0,,,
2010-11-08 01:00:00,,,,,,,,,,,,,,,,,,,,,0.0,,,
2010-11-08 02:00:00,,,,,,,,,,,,,,,,,,,,,0.0,,,
2010-11-08 03:00:00,,,,,,,,,,,,,,,,,,,,,0.0,,,
2010-11-08 04:00:00,,,,,,,,,,,,,,,,,,,,,0.0,,,
2010-11-08 05:00:00,,,,,,,,,,,,,,,,,,,,,0.0,,,
2010-11-08 06:00:00,,,,,,,,,,,,,,,,,,,,,0.0,,,
2010-11-08 07:00:00,,,,,,,,,,,,,,,,,,,,,0.0,,,
2010-11-08 08:00:00,,,,,,,,,,,,,,,,,,,,,0.0,,,
2010-11-08 09:00:00,,,,,,,,,,,,,,,,,,,,,0.0,,,
2010-11-08 10:00:00,,,,,,,,,,,,,,,,,,,,,0.0,,,
2010-11-08 11:00:00,,,,,,,,,,,,,,,,,,,,,0.0,,,
2010-11-08 12:00:00,,,,,,,,,,,,,,,,,,,,,0.0,,,
2010-11-08 13:00:00,,,,,,,,,,,,,,,,,,,,,0.0,,,
2010-11-08 14:00:00,,,,,,,,,,,,,,,,,,,,,0.0,,,
2010-11-08 15:00:00,,,,,,,,,,,,,,,,,,,,,0.0,,,
2010-11-08 16:00:00,,,,,,,,,,,,,,,,,,,,,0.0,,,
2010-11-08 17:00:00,,,,,,,,,,,,,,,,,,,,,0.0,,,
2010-11-08 18:00:00,,,,,,,,,,,,,,,,,,,,,0.0,,,
2010-11-08 19:00:00,,,,,,,,,,,,,,,,,,,,,0.0,,,
2010-11-08 20:00:00,,,,,,,,,,,,,,,,,,,,,0.0,,,
2010-11-08 21:00:00,,,,,,,,,,,,,,,,,,,,,0.0,,,
2010-11-08 22:00:00,,,,,,,,,,,,,,,,,,,,,0.0,,,
2010-11-08 23:00:00,,,,,,,,,,,,,,,,,,,,,0.0,,,
2010-11-09 00:00:00,,,,,,,,,,,,,,,,,,,,,0.0,,,
2010-11-09 01:00:00,,,,,,,,,,,,,,,,,,,,,0.0,,,
2010-11-09 02:00:00,,,,,,,,,,,,,,,,,,,,,0.0,,,
2010-11-09 03:00:00,,,,,,,,,,,,,,,,,,,,,0.0,,,
2010-11-09 04:00:00,,,,,,,,,,,,,,,,,,,,,0.0,,,
2010-11-09 05:00:00,,,,,,,,,,,,,,,,,,,,,0.0,,,
2010-11-09 06:00:00,,,,,,,,,,,,,,,,,,,,,0.0,,,
2010-11-09 07:00:00,,,,,,,,,,,,,,,,,,,,,0.0,,,
2010-11-09 08:00:00,,,,,,,,,,,,,,,,,,,,,0.0,,,
2010-11-09 09:00:00,,,,,,,,,,,,,,,,,,,,,0.0,,,
2010-11-09 10:00:00,,,,,,,,,,,,,,,,,,,,,0.0,,,
2010-11-09 11:00:00,,,,,,,,,,,,,,,,,,,,,0.0,,,
2010-11-09 12:00:00,,,,,,,,,,,,,,,,,,,,,0.0,,,
2010-11-09 13:00:00,,,,,,,,,,,,,,,,,,,,,0.0,,,
2010-11-09 14:00:00,,,,,,,,,,,,,,,,,,,,,0.0,,,
2010-11-09 15:00:00,,,,,,,,,,,,,,,,,,,,,0.0,,,
2010-11-09 16:00:00,,,,,,,,,,,,,,,,,,,,,0.0,,,
2010-11-09 17:00:00,,,,,,,,,,,,,,,,,,,,,0.0,,,
2010-11-09 18:00:00,,,,,,,,,,,,,,,,,,,,,0.0,,,
2010-11-09 19:00:00,,,,,,,,,,,,,,,,,,,,,0.0,,,
2010-11-09 20:00:00,,,,,,,,,,,,,,,,,,,,,0.0,,,
2010-11-09 21:00:00,,,,,,,,,,,,,,,,,,,,,0.0,,,
2010-11-09 22:00:00,,,,,,,,,,,,,,,,,,,,,0.0,,,
2010-11-09 23:00:00,,,,,,,,,,,,,,,,,,,,,0.0,,,
2010-11-10 00:00:00,,,,,,,,,,,,,,,,,,,,,0.0,,,
2010-11-10 01:00:00,,,,,,,,,,,,,,,,,,,,,0.0,,,
2010-11-10 02:00:00,,,,,,,,,,,,,,,,,,,,,0.0,,,
2010-11-10 03:00:00,,,,,,,,,,,,,,,,,,,,,0.0,,,
2010-11-10 04:00:00,,,,,,,,,,,,,,,,,,,,,0.0,,,
2010-11-10 05:00:00,,,,,,,,,,,,,,,,,,,,,0.0,,,
2010-11-10 06:00:00,,,,,,,,,,,,,,,,,,,,,0.0,,,
2010-11-10 07:00:00,,,,,,,,,,,,,,,,,,,,,0.0,,,
2010-11-10 08:00:00,,,,,,,,,,,,,,,,,,,,,0.0,,,
2010-11-10 09:00:00,,,,,,,,,,,,,,,,,,,,,0.0,,,
2010-11-10 10:00:00,,,,,,,,,,,,,,,,,,,,,0.0,,,
2010-11-10 11:00:00,,,,,,,,,,,,,,,,,,,,,0.0,,,
2010-11-10 12:00:00,,,,,,,,,,,,,,,,,,,,,0.0,,,
2010-11-10 13:00:00,,,,,,,,,,,,,,,,,,,,,0.0,,,
2010-11-10 14:00:00,,,,,,,,,,,,,,,,,,,,,0.0,,,
2010-11-10 15:00:00,,,,,,,,,,,,,,,,,,,,,0.0,,,
2010-11-10 16:00:00,,,,,,,,,,,,,,,,,,,,,0.0,,,
2010-11-10 17:00:00,,,,,,,,,,,,,,,,,,,,,0.0,,,
2010-11-10 18:00:00,,,,,,,,,,,,,,,,,,,,,0.0,,,
2010-11-10 19:00:00,,,,,,,,,,,,,,,,,,,,,0.0,,,
2010-11-10 20:00:00,,,,,,,,,,,,,,,,,,,,,0.0,,,
2010-11-10 21:00:00,,,,,,,,,,,,,,,,,,,,,0.0,,,
2010-11-10 22:00:00,,,,,,,,,,,,,,,,,,,,,0.0,,,
2010-11-10 23:00:00,,,,,,,,,,,,,,,,,,,,,0.0,,,
2010-11-11 00:00:00,,,,,,,,,,,,,,,,,,,,,0.0,,,
2010-11-11 01:00:00,,,,,,,,,,,,,,,,,,,,,0.0,,,
2010-11-11 02:00:00,,,,,,,,,,,,,,,,,,,,,0.0,,,
2010-11-11 03:00:00,,,,,,,,,,,,,,,,,,,,,0.0,,,
2010-11-11 04:00:00,,,,,,,,,,,,,,,,,,,,,0.0,,,
2010-11-11 05:00:00,,,,,,,,,,,,,,,,,,,,,0.0,,,
2010-11-11 06:00:00,,,,,,,,,,,,,,,,,,,,,0.0,,,
2010-11-11 07:00:00,,,,,,,,,,,,,,,,,,,,,0.0,,,
2010-11-11 08:00:00,,,,,,,,,,,,,,,,,,,,,0.0,,,
2010-11-11 09:00:00,,,,,,,,,,,,,,,,,,,,,0.0,,,
2010-11-11 10:00:00,,,,,,,,,,,,,,,,,,,,,0.0,,,
2010-11-11 11:00:00,,,,,,,,,,,,,,,,,,,,,0.0,,,
2010-11-11 12:00:00,,,,,,,,,,,,,,,,,,,,,0.0,,,
2010-11-11 13:00:00,,,,,,,,,,,,,,,,,,,,,0.0,,,
2010-11-11 14:00:00,,,,,,,,,,,,,,,,,,,,,0.0,,,
2010-11-11 15:00:00,,,,,,,,,,,,,,,,,,,,,0.0,,,
2010-11-11 16:00:00,,,,,,,,,,,,,,,,,,,,,0.0,,,
2010-11-11 17:00:00,,,,74.88,73.9,,19.6,0.24,32.44,0.0,0.0,0.0,,,,29.53,43.06,1.1,,,0.0,17.04,987.44,0.2
2010-11-11 18:00:00,,,0.03,81.46,80.76,,16.43,0.62,29.77,0.0,0.0,0.0,,,,28.75,45.53,1.01,,,0.0,0.43,991.42,0.2
2010-11-11 19:00:00,,,3.02,100.24,103.25,,16.05,1.1,24.31,0.0,0.0,0.0,,,,28.37,46.99,0.34,,,0.0,0.41,995.56,0.2
2010-11-11 20:00:00,,,33.58,126.11,159.68,,19.01,2.3,15.82,0.0,0.0,0.0,,,,27.72,49.02,0.07,158.76,,0.0,0.42,998.19,0.2
2010-11-11 21:00:00,,,100.24,171.96,272.2,,21.55,3.72,3.92,0.0,0.0,0.0,,,,27.26,51.45,0.07,122.88,,0.0,0.42,999.59,0.2
2010-11-11 22:00:00,,,100.28,182.17,282.45,,6.33,3.99,1.08,0.0,0.0,0.0,,,,27.19,52.12,0.07,229.38,,0.0,0.42,998.75,0.2
2010-11-11 23:00:00,,,115.0,180.36,295.37,,0.04,3.87,0.16,0.0,0.0,0.0,,,,27.22,52.89,0.07,269.27,,0.0,0.42,996.04,0.2
2010-11-12 00:00:00,,,119.29,173.24,292.52,,0.11,4.2,,0.0,0.0,0.0,,,,26.95,54.18,0.08,243.82,,0.0,0.43,992.22,0.2
2010-11-12 01:00:00,,,93.1,161.45,254.54,,0.27,3.59,0.22,0.0,0.0,0.0,,,,26.65,55.79,0.09,167.92,,0.0,0.42,990.61,0.2
2010-11-12 02:00:00,,,78.27,157.67,235.94,,0.12,2.67,0.13,0.0,0.0,0.0,,,,26.08,56.8,0.08,116.02,,0.0,0.43,988.62,0.2
2010-11-12 03:00:00,,,23.68,139.62,163.3,,0.22,1.82,0.69,0.0,0.0,0.0,,,,26.05,56.21,2.18,221.7,,0.0,0.44,988.8,0.2
2010-11-12 04:00:00,,,0.46,106.98,107.09,,0.32,1.13,11.46,0.0,0.0,0.0,,,,25.85,57.6,1.05,251.66,,0.0,0.44,988.57,0.2
2010-11-12 05:00:00,,,2.9,90.36,93.24,,,0.86,18.36,0.0,0.0,0.0,,,,26.0,57.33,0.4,283.86,,0.0,0.43,988.74,0.2
2010-11-12 06:00:00,,,5.8,94.16,99.95,,0.08,0.74,16.4,0.0,0.0,0.0,,,,26.06,57.2,0.86,248.9,,0.0,1.99,989.73,0.2
2010-11-12 07:00:00,,,1.25,82.67,83.93,,0.14,0.69,21.95,0.0,0.0,0.0,,,,25.93,56.14,0.51,229.98,,0.0,24.91,993.33,0.2
2010-11-12 08:00:00,,,1.17,73.73,74.91,,,0.62,25.68,0.0,0.0,0.0,,,,26.38,54.84,0.62,111.34,,0.0,103.78,996.33,0.2
2010-11-12 09:00:00,,,2.67,90.48,93.14,,0.08,0.78,23.64,0.0,0.0,0.0,,,,27.89,51.75,0.72,138.42,,0.0,281.75,997.87,0.2
2010-11-12 10:00:00,,,0.96,90.8,91.76,,0.39,0.66,26.66,0.0,0.0,0.0,,,,30.08,45.15,1.08,164.98,,0.0,509.12,997.25,0.2
2010-11-12 11:00:00,,,0.25,74.1,74.06,,0.13,0.58,35.55,0.0,0.0,0.0,,,,30.87,43.48,1.14,200.49,,0.0,441.87,993.29,0.2
2010-11-12 12:00:00,,,0.1,70.07,69.45,,0.04,0.34,41.06,0.0,0.0,0.0,,,,31.18,42.61,1.23,193.29,,0.0,301.85,987.34,0.2
2010-11-12 13:00:00,,,,65.46,64.8,,,0.2,41.19,0.0,0.0,0.0,,,,31.3,41.56,2.06,314.66,,0.0,229.97,985.0,0.2
2010-11-12 14:00:00,,,,,,,,,,,,,,,,,,,,,0.0,,,
2010-11-12 15:00:00,,,,,,,,,,,,,,,,,,,,,0.0,,,
2010-11-12 16:00:00,,,,,,,,,,,,,,,,,,,,,0.0,,,
2010-11-12 17:00:00,,,,,,,,,,,,,,,,,,,,,0.0,,,
2010-11-12 18:00:00,,,,,,,,,,,,,,,,,,,,,0.0,,,
2010-11-12 19:00:00,,,,,,,,,,,,,,,,,,,,,0.0,,,
2010-11-12 20:00:00,,,,,,,,,,,,,,,,,,,,,0.0,,,
2010-11-12 21:00:00,,,,,,,,,,,,,,,,,,,,,0.0,,,
2010-11-12 22:00:00,,,,,,,,,,,,,,,,,,,,,0.0,,,
2010-11-12 23:00:00,,,,,,,,,,,,,,,,,,,,,0.0,,,
2010-11-13 00:00:00,,,,,,,,,,,,,,,,,,,,,0.0,,,
2010-11-13 01:00:00,,,,,,,,,,,,,,,,,,,,,0.0,,,
2010-11-13 02:00:00,,,,,,,,,,,,,,,,,,,,,0.0,,,
2010-11-13 03:00:00,,,,,,,,,,,,,,,,,,,,,0.0,,,
2010-11-13 04:00:00,,,,,,,,,,,,,,,,,,,,,0.0,,,
2010-11-13 05:00:00,,,,,,,,,,,,,,,,,,,,,0.0,,,
2010-11-13 06:00:00,,,,,,,,,,,,,,,,,,,,,0.0,,,
2010-11-13 07:00:00,,,,,,,,,,,,,,,,,,,,,0.0,,,
2010-11-13 08:00:00,,,,,,,,,,,,,,,,,,,,,0.0,,,
2010-11-13 09:00:00,,,,,,,,,,,,,,,,,,,,,0.0,,,
2010-11-13 10:00:00,,,,,,,,,,,,,,,,,,,,,0.0,,,
2010-11-13 11:00:00,,,,,,,,,,,,,,,,,,,,,0.0,,,
2010-11-13 12:00:00,,,,,,,,,,,,,,,,,,,,,0.0,,,
2010-11-13 13:00:00,,,,,,,,,,,,,,,,,,,,,0.0,,,
2010-11-13 14:00:00,,,,,,,,,,,,,,,,,,,,,0.0,,,
2010-11-13 15:00:00,,,,,,,,,,,,,,,,,,,,,0.0,,,
2010-11-13 16:00:00,,,,,,,,,,,,,,,,,,,,,0.0,,,
2010-11-13 17:00:00,,,0.19,38.65,37.96,,10.95,0.06,23.54,0.0,0.0,0.0,,,,30.86,42.04,0.71,306.1,,0.0,20.84,978.44,0.2
2010-11-13 18:00:00,,,4.83,57.05,61.72,,4.56,1.02,17.74,0.0,0.0,0.0,,,,30.17,44.66,0.08,233.06,,0.0,0.47,982.72,0.2
2010-11-13 19:00:00,,,48.67,107.92,156.6,,8.23,3.33,7.27,0.0,0.0,0.0,,,,29.32,48.49,0.18,176.66,,0.0,0.4,986.08,0.2
2010-11-13 20:00:00,,,12.64,105.3,117.95,,11.48,2.99,5.85,0.0,0.0,0.0,,,,29.23,48.65,0.08,168.99,,0.0,0.42,989.73,0.2
2010-11-13 21:00:00,,,47.49,105.14,152.63,,10.5,3.35,11.34,0.0,0.0,0.0,,,,28.63,51.68,0.08,187.17,,0.0,0.42,992.92,0.2
2010-11-13 22:00:00,,,33.54,124.09,157.62,,8.58,2.9,2.5,0.0,0.0,0.0,,,,28.88,48.4,0.85,208.44,,0.0,0.41,993.42,0.2
2010-11-13 23:00:00,,,3.74,92.63,96.37,,12.44,1.86,10.05,0.0,0.0,0.0,,,,28.49,48.15,1.47,265.9,,0.0,0.42,992.84,0.2
2010-11-14 00:00:00,,,3.69,77.52,81.21,,12.65,1.62,15.64,0.0,0.0,0.0,,,,27.98,49.87,0.29,315.26,,0.0,0.43,992.48,0.2
2010-11-14 01:00:00,,,2.32,76.61,78.94,,12.84,1.17,16.99,0.0,0.0,0.0,,,,27.44,51.77,0.24,251.9,,0.0,0.43,992.06,0.2
2010-11-14 02:00:00,,,0.77,82.72,83.5,,25.72,0.83,15.56,0.0,0.0,0.0,,,,26.93,53.79,0.21,230.32,,0.0,0.44,991.87,0.2
2010-11-14 03:00:00,,,0.86,66.71,67.58,,24.58,0.78,17.41,0.0,0.0,0.0,,,,27.04,56.04,0.12,264.4,,0.0,0.45,991.66,0.2
2010-11-14 04:00:00,,,2.01,61.52,63.52,,21.07,0.74,18.42,0.0,0.0,0.0,,,,26.65,58.48,0.09,135.29,,0.0,0.45,991.89,0.2
2010-11-14 05:00:00,,,5.13,62.42,67.55,,21.87,0.41,15.55,0.0,0.0,0.0,,,,26.06,59.21,0.07,131.07,,0.0,0.45,994.12,0.2
2010-11-14 06:00:00,,,14.54,69.34,83.87,,20.63,0.63,13.38,0.0,0.0,0.0,,,,25.92,59.76,0.07,103.62,,0.0,1.84,998.68,0.2
2010-11-14 07:00:00,,,18.8,79.39,98.2,,17.85,1.01,12.82,0.0,0.0,0.0,,,,26.14,59.49,0.2,83.26,,0.0,43.89,1003.4,0.2
2010-11-14 08:00:00,,,7.79,83.44,91.24,,14.45,1.02,13.06,0.0,0.0,0.0,,,,27.51,56.38,0.58,136.62,,0.0,165.48,1007.63,0.2
2010-11-14 09:00:00,,,1.65,73.1,74.76,,17.9,0.83,17.6,0.0,0.0,0.0,,,,29.44,52.17,1.04,176.81,,0.0,368.88,1010.55,0.2
2010-11-14 10:00:00,,,0.3,59.83,59.85,,18.08,0.67,22.32,0.0,0.0,0.0,,,,30.89,47.47,1.79,190.6,,0.0,472.52,1010.46,0.2
2010-11-14 11:00:00,,,0.05,50.8,50.2,,17.98,0.44,29.75,0.0,0.0,0.0,,,,32.63,41.18,2.05,223.78,,0.0,634.43,1006.72,0.2
2010-11-14 12:00:00,,,,42.44,41.44,,15.36,0.16,34.52,0.0,0.0,0.0,,,,33.6,37.56,2.24,240.46,,0.0,609.77,1001.3,0.2
2010-11-14 13:00:00,,,0.27,41.34,41.03,,16.14,0.2,36.71,0.0,0.0,0.0,,,,34.01,34.96,2.35,256.2,,0.0,402.13,996.16,0.2
2010-11-14 14:00:00,,,,36.21,35.29,,11.15,0.19,38.24,0.0,0.0,0.0,,,,34.11,33.87,1.42,269.0,,0.0,189.38,993.07,0.2
2010-11-14 15:00:00,,,,36.15,35.01,,10.04,0.01,41.12,0.0,0.0,0.0,,,,34.11,33.73,1.39,193.54,,0.0,207.52,991.51,0.2
2010-11-14 16:00:00,,,,40.03,38.78,,10.51,0.04,40.9,0.0,0.0,0.0,,,,33.54,34.81,0.68,118.4,,0.0,146.56,990.97,0.2
2010-11-14 17:00:00,,,,40.92,39.83,,8.9,0.22,42.6,0.0,0.0,0.0,,,,32.99,35.59,0.48,263.57,,0.0,31.68,993.23,0.2
2010-11-14 18:00:00,,,4.1,61.28,62.57,,6.78,0.75,32.25,0.0,0.0,0.0,,,,32.16,37.72,0.2,168.52,,0.0,0.42,998.97,0.2
2010-11-14 19:00:00,,,5.56,111.86,117.42,,11.94,1.96,9.01,0.0,0.0,0.0,,,,31.14,42.14,0.08,155.22,,0.0,0.38,1002.96,0.2
2010-11-14 20:00:00,,,33.58,123.86,157.44,,13.95,3.51,11.69,0.0,0.0,0.0,,,,30.77,43.64,0.07,246.44,,0.0,0.42,1005.88,0.2
2010-11-14 21:00:00,,,78.98,154.54,233.52,,13.6,5.86,3.8,0.0,0.0,0.0,,,,30.01,46.7,0.07,211.16,,0.0,0.42,1008.76,0.2
2010-11-14 22:00:00,,,49.66,148.73,198.38,,7.87,5.19,2.31,0.0,0.0,0.0,,,,29.72,47.58,0.14,301.15,,0.0,0.42,1009.58,0.2
2010-11-14 23:00:00,,,,,,,,,,,,,,,,,,,,,0.0,,,
2010-11-15 00:00:00,,,,,,,,,,,,,,,,,,,,,0.0,,,
2010-11-15 01:00:00,,,,,,,,,,,,,,,,,,,,,0.0,,,
2010-11-15 02:00:00,,,,,,,,,,,,,,,,,,,,,0.0,,,
2010-11-15 03:00:00,,,,,,,,,,,,,,,,,,,,,0.0,,,
2010-11-15 04:00:00,,,,,,,,,,,,,,,,,,,,,0.0,,,
2010-11-15 05:00:00,,,,,,,,,,,,,,,,,,,,,0.0,,,
2010-11-15 06:00:00,,,,,,,,,,,,,,,,,,,,,0.0,,,
2010-11-15 07:00:00,,,,,,,,,,,,,,,,,,,,,0.0,,,
2010-11-15 08:00:00,,,,,,,,,,,,,,,,,,,,,0.0,,,
2010-11-15 09:00:00,,,,,,,,,,,,,,,,,,,,,0.0,,,
2010-11-15 10:00:00,,,,,,,,,,,,,,,,,,,,,0.0,,,
2010-11-15 11:00:00,,,,,,,,,,,,,,,,,,,,,0.0,,,
2010-11-15 12:00:00,,,,,,,,,,,,,,,,,,,,,0.0,,,
2010-11-15 13:00:00,,,,,,,,,,,,,,,,,,,,,0.0,,,
2010-11-15 14:00:00,,,,,,,,,,,,,,,,,,,,,0.0,,,
2010-11-15 15:00:00,,,,,,,,,,,,,,,,,,,,,0.0,,,
2010-11-15 16:00:00,,,,,,,,,,,,,,,,,,,,,0.0,,,
2010-11-15 17:00:00,,,,,,,,,,,,,,,,,,,,,0.0,,,
2010-11-15 18:00:00,,,,,,,,,,,,,,,,,,,,,0.0,,,
2010-11-15 19:00:00,,,,,,,,,,,,,,,,,,,,,0.0,,,
2010-11-15 20:00:00,,,,,,,,,,,,,,,,,,,,,0.0,,,
2010-11-15 21:00:00,,,,,,,,,,,,,,,,,,,,,0.0,,,
2010-11-15 22:00:00,,,,,,,,,,,,,,,,,,,,,0.0,,,
2010-11-15 23:00:00,,,,,,,,,,,,,,,,,,,,,0.0,,,
2010-11-16 00:00:00,,,,,,,,,,,,,,,,,,,,,0.0,,,
2010-11-16 01:00:00,,,,,,,,,,,,,,,,,,,,,0.0,,,
2010-11-16 02:00:00,,,,,,,,,,,,,,,,,,,,,0.0,,,
2010-11-16 03:00:00,,,,,,,,,,,,,,,,,,,,,0.0,,,
2010-11-16 04:00:00,,,,,,,,,,,,,,,,,,,,,0.0,,,
2010-11-16 05:00:00,,,,,,,,,,,,,,,,,,,,,0.0,,,
2010-11-16 06:00:00,,,,,,,,,,,,,,,,,,,,,0.0,,,
2010-11-16 07:00:00,,,,,,,,,,,,,,,,,,,,,0.0,,,
2010-11-16 08:00:00,,,,,,,,,,,,,,,,,,,,,0.0,,,
2010-11-16 09:00:00,,,,,,,,,,,,,,,,,,,,,0.0,,,
2010-11-16 10:00:00,,,,,,,,,,,,,,,,,,,,,0.0,,,
2010-11-16 11:00:00,,,,,,,,,,,,,,,,,,,,,0.0,,,
2010-11-16 12:00:00,,,,,,,,,,,,,,,,,,,,,0.0,,,
2010-11-16 13:00:00,,,,,,,,,,,,,,,,,,,,,0.0,,,
2010-11-16 14:00:00,,,,,,,,,,,,,,,,,,,,,0.0,,,
2010-11-16 15:00:00,,,,,,,,,,,,,,,,,,,,,0.0,,,
2010-11-16 16:00:00,,,,,,,,,,,,,,,,,,,,,0.0,,,
2010-11-16 17:00:00,,,,,,,,,,,,,,,,,,,,,0.0,,,
2010-11-16 18:00:00,,,,,,,,,,,,,,,,,,,,,0.0,,,
2010-11-16 19:00:00,,,,,,,,,,,,,,,,,,,,,0.0,,,
2010-11-16 20:00:00,,,,,,,,,,,,,,,,,,,,,0.0,,,
2010-11-16 21:00:00,,,,,,,,,,,,,,,,,,,,,0.0,,,
2010-11-16 22:00:00,,,,,,,,,,,,,,,,,,,,,0.0,,,
2010-11-16 23:00:00,,,,,,,,,,,,,,,,,,,,,0.0,,,
2010-11-17 00:00:00,,,,,,,,,,,,,,,,,,,,,0.0,,,
2010-11-17 01:00:00,,,,,,,,,,,,,,,,,,,,,0.0,,,
2010-11-17 02:00:00,,,,,,,,,,,,,,,,,,,,,0.0,,,
2010-11-17 03:00:00,,,,,,,,,,,,,,,,,,,,,0.0,,,
2010-11-17 04:00:00,,,,,,,,,,,,,,,,,,,,,0.0,,,
2010-11-17 05:00:00,,,,,,,,,,,,,,,,,,,,,0.0,,,
2010-11-17 06:00:00,,,,,,,,,,,,,,,,,,,,,0.0,,,
2010-11-17 07:00:00,,,,,,,,,,,,,,,,,,,,,0.0,,,
2010-11-17 08:00:00,,,,,,,,,,,,,,,,,,,,,0.0,,,
2010-11-17 09:00:00,,,,,,,,,,,,,,,,,,,,,0.0,,,
2010-11-17 10:00:00,,,,,,,,,,,,,,,,,,,,,0.0,,,
2010-11-17 11:00:00,,,,,,,,,,,,,,,,,,,,,0.0,,,
2010-11-17 12:00:00,,,,,,,,,,,,,,,,,,,,,0.0,,,
2010-11-17 13:00:00,,,,,,,,,,,,,,,,,,,,,0.0,,,
2010-11-17 14:00:00,,,,,,,,,,,,,,,,,,,,,0.0,,,
2010-11-17 15:00:00,,,,,,,,,,,,,,,,,,,,,0.0,,,
2010-11-17 16:00:00,,,,,,,,,,,,,,,,,,,,,0.0,,,
2010-11-17 17:00:00,,,,,,,,,,,,,,,,,,,,,0.0,,,
2010-11-17 18:00:00,,,,,,,,,,,,,,,,,,,,,0.0,,,
2010-11-17 19:00:00,,,,,,,,,,,,,,,,,,,,,0.0,,,
2010-11-17 20:00:00,,,,,,,,,,,,,,,,,,,,,0.0,,,
2010-11-17 21:00:00,,,,,,,,,,,,,,,,,,,,,0.0,,,
2010-11-17 22:00:00,,,,,,,,,,,,,,,,,,,,,0.0,,,
2010-11-17 23:00:00,,,,,,,,,,,,,,,,,,,,,0.0,,,
2010-11-18 00:00:00,,,,,,,,,,,,,,,,,,,,,0.0,,,
2010-11-18 01:00:00,,,,,,,,,,,,,,,,,,,,,0.0,,,
2010-11-18 02:00:00,,,,,,,,,,,,,,,,,,,,,0.0,,,
2010-11-18 03:00:00,,,,,,,,,,,,,,,,,,,,,0.0,,,
2010-11-18 04:00:00,,,,,,,,,,,,,,,,,,,,,0.0,,,
2010-11-18 05:00:00,,,,,,,,,,,,,,,,,,,,,0.0,,,
2010-11-18 06:00:00,,,,,,,,,,,,,,,,,,,,,0.0,,,
2010-11-18 07:00:00,,,,,,,,,,,,,,,,,,,,,0.0,,,
2010-11-18 08:00:00,,,,,,,,,,,,,,,,,,,,,0.0,,,
2010-11-18 09:00:00,,,,,,,,,,,,,,,,,,,,,0.0,,,
2010-11-18 10:00:00,,,,,,,,,,,,,,,,,,,,,0.0,,,
2010-11-18 11:00:00,,,,,,,,,,,,,,,,,,,,,0.0,,,
2010-11-18 12:00:00,,,,,,,,,,,,,,,,,,,,,0.0,,,
2010-11-18 13:00:00,,,,,,,,,,,,,,,,,,,,,0.0,,,
2010-11-18 14:00:00,,,,,,,,,,,,,,,,,,,,,0.0,,,
2010-11-18 15:00:00,,,,,,,,,,,,,,,,,,,,,0.0,,,
2010-11-18 16:00:00,,,,,,,,,,,,,,,,,,,,,0.0,,,
2010-11-18 17:00:00,,,,,,,,,,,,,,,,,,,,,0.0,,,
2010-11-18 18:00:00,,,,,,,,,,,,,,,,,,,,,0.0,,,
2010-11-18 19:00:00,,,,,,,,,,,,,,,,,,,,,0.0,,,
2010-11-18 20:00:00,,,,,,,,,,,,,,,,,,,,,0.0,,,
2010-11-18 21:00:00,,,,,,,,,,,,,,,,,,,,,0.0,,,
2010-11-18 22:00:00,,,,,,,,,,,,,,,,,,,,,0.0,,,
2010-11-18 23:00:00,,,,,,,,,,,,,,,,,,,,,0.0,,,
2010-11-19 00:00:00,,,,,,,,,,,,,,,,,,,,,0.0,,,
2010-11-19 01:00:00,,,,,,,,,,,,,,,,,,,,,0.0,,,
2010-11-19 02:00:00,,,,,,,,,,,,,,,,,,,,,0.0,,,
2010-11-19 03:00:00,,,,,,,,,,,,,,,,,,,,,0.0,,,
2010-11-19 04:00:00,,,,,,,,,,,,,,,,,,,,,0.0,,,
2010-11-19 05:00:00,,,,,,,,,,,,,,,,,,,,,0.0,,,
2010-11-19 06:00:00,,,,,,,,,,,,,,,,,,,,,0.0,,,
2010-11-19 07:00:00,,,,,,,,,,,,,,,,,,,,,0.0,,,
2010-11-19 08:00:00,,,,,,,,,,,,,,,,,,,,,0.0,,,
2010-11-19 09:00:00,,,,,,,,,,,,,,,,,,,,,0.0,,,
2010-11-19 10:00:00,,,,,,,,,,,,,,,,,,,,,0.0,,,
2010-11-19 11:00:00,,,,,,,,,,,,,,,,,,,,,0.0,,,
2010-11-19 12:00:00,,,,,,,,,,,,,,,,,,,,,0.0,,,
2010-11-19 13:00:00,,,,,,,,,,,,,,,,,,,,,0.0,,,
2010-11-19 14:00:00,,,,,,,,,,,,,,,,,,,,,0.0,,,
2010-11-19 15:00:00,,,,,,,,,,,,,,,,,,,,,0.0,,,
2010-11-19 16:00:00,,,,,,,,,,,,,,,,,,,,,0.0,,,
2010-11-19 17:00:00,,,,,,,,,,,,,,,,,,,,,0.0,,,
2010-11-19 18:00:00,,,,,,,,,,,,,,,,,,,,,0.0,,,
2010-11-19 19:00:00,,,,,,,,,,,,,,,,,,,,,0.0,,,
2010-11-19 20:00:00,,,,,,,,,,,,,,,,,,,,,0.0,,,
2010-11-19 21:00:00,,,,,,,,,,,,,,,,,,,,,0.0,,,
2010-11-19 22:00:00,,,,,,,,,,,,,,,,,,,,,0.0,,,
2010-11-19 23:00:00,,,,,,,,,,,,,,,,,,,,,0.0,,,
2010-11-20 00:00:00,,,,,,,,,,,,,,,,,,,,,0.0,,,
2010-11-20 01:00:00,,,,,,,,,,,,,,,,,,,,,0.0,,,
2010-11-20 02:00:00,,,,,,,,,,,,,,,,,,,,,0.0,,,
2010-11-20 03:00:00,,,,,,,,,,,,,,,,,,,,,0.0,,,
2010-11-20 04:00:00,,,,,,,,,,,,,,,,,,,,,0.0,,,
2010-11-20 05:00:00,,,,,,,,,,,,,,,,,,,,,0.0,,,
2010-11-20 06:00:00,,,,,,,,,,,,,,,,,,,,,0.0,,,
2010-11-20 07:00:00,,,,,,,,,,,,,,,,,,,,,0.0,,,
2010-11-20 08:00:00,,,,,,,,,,,,,,,,,,,,,0.0,,,
2010-11-20 09:00:00,,,,,,,,,,,,,,,,,,,,,0.0,,,
2010-11-20 10:00:00,,,,,,,,,,,,,,,,,,,,,0.0,,,
2010-11-20 11:00:00,,,,,,,,,,,,,,,,,,,,,0.0,,,
2010-11-20 12:00:00,,,,,,,,,,,,,,,,,,,,,0.0,,,
2010-11-20 13:00:00,,,,,,,,,,,,,,,,,,,,,0.0,,,
2010-11-20 14:00:00,,,,,,,,,,,,,,,,,,,,,0.0,,,
2010-11-20 15:00:00,,,,,,,,,,,,,,,,,,,,,0.0,,,
2010-11-20 16:00:00,,,,,,,,,,,,,,,,,,,,,0.0,,,
2010-11-20 17:00:00,,,,,,,,,,,,,,,,,,,,,0.0,,,
2010-11-20 18:00:00,,,,,,,,,,,,,,,,,,,,,0.0,,,
2010-11-20 19:00:00,,,,,,,,,,,,,,,,,,,,,0.0,,,
2010-11-20 20:00:00,,,,,,,,,,,,,,,,,,,,,0.0,,,
2010-11-20 21:00:00,,,,,,,,,,,,,,,,,,,,,0.0,,,
2010-11-20 22:00:00,,,,,,,,,,,,,,,,,,,,,0.0,,,
2010-11-20 23:00:00,,,,,,,,,,,,,,,,,,,,,0.0,,,
2010-11-21 00:00:00,,,,,,,,,,,,,,,,,,,,,0.0,,,
2010-11-21 01:00:00,,,,,,,,,,,,,,,,,,,,,0.0,,,
2010-11-21 02:00:00,,,,,,,,,,,,,,,,,,,,,0.0,,,
2010-11-21 03:00:00,,,,,,,,,,,,,,,,,,,,,0.0,,,
2010-11-21 04:00:00,,,,,,,,,,,,,,,,,,,,,0.0,,,
2010-11-21 05:00:00,,,,,,,,,,,,,,,,,,,,,0.0,,,
2010-11-21 06:00:00,,,,,,,,,,,,,,,,,,,,,0.0,,,
2010-11-21 07:00:00,,,,,,,,,,,,,,,,,,,,,0.0,,,
2010-11-21 08:00:00,,,,,,,,,,,,,,,,,,,,,0.0,,,
2010-11-21 09:00:00,,,,,,,,,,,,,,,,,,,,,0.0,,,
2010-11-21 10:00:00,,,,,,,,,,,,,,,,,,,,,0.0,,,
2010-11-21 11:00:00,,,,,,,,,,,,,,,,,,,,,0.0,,,
2010-11-21 12:00:00,,,,,,,,,,,,,,,,,,,,,0.0,,,
2010-11-21 13:00:00,,,,,,,,,,,,,,,,,,,,,0.0,,,
2010-11-21 14:00:00,,,,,,,,,,,,,,,,,,,,,0.0,,,
2010-11-21 15:00:00,,,,,,,,,,,,,,,,,,,,,0.0,,,
2010-11-21 16:00:00,,,,,,,,,,,,,,,,,,,,,0.0,,,
2010-11-21 17:00:00,,,,,,,,,,,,,,,,,,,,,0.0,,,
2010-11-21 18:00:00,,,,,,,,,,,,,,,,,,,,,0.0,,,
2010-11-21 19:00:00,,,,,,,,,,,,,,,,,,,,,0.0,,,
2010-11-21 20:00:00,,,,,,,,,,,,,,,,,,,,,0.0,,,
2010-11-21 21:00:00,,,,,,,,,,,,,,,,,,,,,0.0,,,
2010-11-21 22:00:00,,,,,,,,,,,,,,,,,,,,,0.0,,,
2010-11-21 23:00:00,,,,,,,,,,,,,,,,,,,,,0.0,,,
2010-11-22 00:00:00,,,,,,,,,,,,,,,,,,,,,0.0,,,
2010-11-22 01:00:00,,,,,,,,,,,,,,,,,,,,,0.0,,,
2010-11-22 02:00:00,,,,,,,,,,,,,,,,,,,,,0.0,,,
2010-11-22 03:00:00,,,,,,,,,,,,,,,,,,,,,0.0,,,
2010-11-22 04:00:00,,,,,,,,,,,,,,,,,,,,,0.0,,,
2010-11-22 05:00:00,,,,,,,,,,,,,,,,,,,,,0.0,,,
2010-11-22 06:00:00,,,,,,,,,,,,,,,,,,,,,0.0,,,
2010-11-22 07:00:00,,,,,,,,,,,,,,,,,,,,,0.0,,,
2010-11-22 08:00:00,,,,,,,,,,,,,,,,,,,,,0.0,,,
2010-11-22 09:00:00,,,,,,,,,,,,,,,,,,,,,0.0,,,
2010-11-22 10:00:00,,,,,,,,,,,,,,,,,,,,,0.0,,,
2010-11-22 11:00:00,,,,,,,,,,,,,,,,,,,,,0.0,,,
2010-11-22 12:00:00,,,,,,,,,,,,,,,,,,,,,0.0,,,
2010-11-22 13:00:00,,,,,,,,,,,,,,,,,,,,,0.0,,,
2010-11-22 14:00:00,,,,,,,,,,,,,,,,,,,,,0.0,,,
2010-11-22 15:00:00,,,,,,,,,,,,,,,,,,,,,0.0,,,
2010-11-22 16:00:00,,,,,,,,,,,,,,,,,,,,,0.0,,,
2010-11-22 17:00:00,,,,,,,,,,,,,,,,,,,,,0.0,,,
2010-11-22 18:00:00,,,,,,,,,,,,,,,,,,,,,0.0,,,
2010-11-22 19:00:00,,,,,,,,,,,,,,,,,,,,,0.0,,,
2010-11-22 20:00:00,,,,,,,,,,,,,,,,,,,,,0.0,,,
2010-11-22 21:00:00,,,,,,,,,,,,,,,,,,,,,0.0,,,
2010-11-22 22:00:00,,,,,,,,,,,,,,,,,,,,,0.0,,,
2010-11-22 23:00:00,,,,,,,,,,,,,,,,,,,,,0.0,,,
2010-11-23 00:00:00,,,,,,,,,,,,,,,,,,,,,0.0,,,
2010-11-23 01:00:00,,,,,,,,,,,,,,,,,,,,,0.0,,,
2010-11-23 02:00:00,,,,,,,,,,,,,,,,,,,,,0.0,,,
2010-11-23 03:00:00,,,,,,,,,,,,,,,,,,,,,0.0,,,
2010-11-23 04:00:00,,,,,,,,,,,,,,,,,,,,,0.0,,,
2010-11-23 05:00:00,,,,,,,,,,,,,,,,,,,,,0.0,,,
2010-11-23 06:00:00,,,,,,,,,,,,,,,,,,,,,0.0,,,
2010-11-23 07:00:00,,,,,,,,,,,,,,,,,,,,,0.0,,,
2010-11-23 08:00:00,,,,,,,,,,,,,,,,,,,,,0.0,,,
2010-11-23 09:00:00,,,,,,,,,,,,,,,,,,,,,0.0,,,
2010-11-23 10:00:00,,,,,,,,,,,,,,,,,,,,,0.0,,,
2010-11-23 11:00:00,,,,,,,,,,,,,,,,,,,,,0.0,,,
2010-11-23 12:00:00,,,,,,,,,,,,,,,,,,,,,0.0,,,
2010-11-23 13:00:00,,,,,,,,,,,,,,,,,,,,,0.0,,,
2010-11-23 14:00:00,,,,,,,,,,,,,,,,,,,,,0.0,,,
2010-11-23 15:00:00,,,,,,,,,,,,,,,,,,,,,0.0,,,
2010-11-23 16:00:00,,,,,,,,,,,,,,,,,,,,,0.0,,,
2010-11-23 17:00:00,,,,,,,,,,,,,,,,,,,,,0.0,,,
2010-11-23 18:00:00,,,,,,,,,,,,,,,,,,,,,0.0,,,
2010-11-23 19:00:00,,,,,,,,,,,,,,,,,,,,,0.0,,,
2010-11-23 20:00:00,,,,,,,,,,,,,,,,,,,,,0.0,,,
2010-11-23 21:00:00,,,,,,,,,,,,,,,,,,,,,0.0,,,
2010-11-23 22:00:00,,,,,,,,,,,,,,,,,,,,,0.0,,,
2010-11-23 23:00:00,,,,,,,,,,,,,,,,,,,,,0.0,,,
2010-11-24 00:00:00,,,,,,,,,,,,,,,,,,,,,0.0,,,
2010-11-24 01:00:00,,,,,,,,,,,,,,,,,,,,,0.0,,,
2010-11-24 02:00:00,,,,,,,,,,,,,,,,,,,,,0.0,,,
2010-11-24 03:00:00,,,,,,,,,,,,,,,,,,,,,0.0,,,
2010-11-24 04:00:00,,,,,,,,,,,,,,,,,,,,,0.0,,,
2010-11-24 05:00:00,,,,,,,,,,,,,,,,,,,,,0.0,,,
2010-11-24 06:00:00,,,,,,,,,,,,,,,,,,,,,0.0,,,
2010-11-24 07:00:00,,,,,,,,,,,,,,,,,,,,,0.0,,,
2010-11-24 08:00:00,,,,,,,,,,,,,,,,,,,,,0.0,,,
2010-11-24 09:00:00,,,,,,,,,,,,,,,,,,,,,0.0,,,
2010-11-24 10:00:00,,,,,,,,,,,,,,,,,,,,,0.0,,,
2010-11-24 11:00:00,,,,,,,,,,,,,,,,,,,,,0.0,,,
2010-11-24 12:00:00,,,,,,,,,,,,,,,,,,,,,0.0,,,
2010-11-24 13:00:00,,,,,,,,,,,,,,,,,,,,,0.0,,,
2010-11-24 14:00:00,,,,,,,,,,,,,,,,,,,,,0.0,,,
2010-11-24 15:00:00,,,,,,,,,,,,,,,,,,,,,0.0,,,
2010-11-24 16:00:00,,,,,,,,,,,,,,,,,,,,,0.0,,,
2010-11-24 17:00:00,,,,,,,,,,,,,,,,,,,,,0.0,,,
2010-11-24 18:00:00,,,,,,,,,,,,,,,,,,,,,0.0,,,
2010-11-24 19:00:00,,,,,,,,,,,,,,,,,,,,,0.0,,,
2010-11-24 20:00:00,,,,,,,,,,,,,,,,,,,,,0.0,,,
2010-11-24 21:00:00,,,,,,,,,,,,,,,,,,,,,0.0,,,
2010-11-24 22:00:00,,,,,,,,,,,,,,,,,,,,,0.0,,,
2010-11-24 23:00:00,,,,,,,,,,,,,,,,,,,,,0.0,,,
2010-11-25 00:00:00,,,,,,,,,,,,,,,,,,,,,0.0,,,
2010-11-25 01:00:00,,,,,,,,,,,,,,,,,,,,,0.0,,,
2010-11-25 02:00:00,,,,,,,,,,,,,,,,,,,,,0.0,,,
2010-11-25 03:00:00,,,,,,,,,,,,,,,,,,,,,0.0,,,
2010-11-25 04:00:00,,,,,,,,,,,,,,,,,,,,,0.0,,,
2010-11-25 05:00:00,,,,,,,,,,,,,,,,,,,,,0.0,,,
2010-11-25 06:00:00,,,,,,,,,,,,,,,,,,,,,0.0,,,
2010-11-25 07:00:00,,,,,,,,,,,,,,,,,,,,,0.0,,,
2010-11-25 08:00:00,,,,,,,,,,,,,,,,,,,,,0.0,,,
2010-11-25 09:00:00,,,,,,,,,,,,,,,,,,,,,0.0,,,
2010-11-25 10:00:00,,,,,,,,,,,,,,,,,,,,,0.0,,,
2010-11-25 11:00:00,,,,,,,,,,,,,,,,,,,,,0.0,,,
2010-11-25 12:00:00,,,,,,,,,,,,,,,,,,,,,0.0,,,
2010-11-25 13:00:00,,,,,,,,,,,,,,,,,,,,,0.0,,,
2010-11-25 14:00:00,,,,,,,,,,,,,,,,,,,,,0.0,,,
2010-11-25 15:00:00,,,,,,,,,,,,,,,,,,,,,0.0,,,
2010-11-25 16:00:00,,,,,,,,,,,,,,,,,,,,,0.0,,,
2010-11-25 17:00:00,,,,,,,,,,,,,,,,,,,,,0.0,,,
2010-11-25 18:00:00,,,,,,,,,,,,,,,,,,,,,0.0,,,
2010-11-25 19:00:00,,,,,,,,,,,,,,,,,,,,,0.0,,,
2010-11-25 20:00:00,,,,,,,,,,,,,,,,,,,,,0.0,,,
2010-11-25 21:00:00,,,,,,,,,,,,,,,,,,,,,0.0,,,
2010-11-25 22:00:00,,,,,,,,,,,,,,,,,,,,,0.0,,,
2010-11-25 23:00:00,,,,,,,,,,,,,,,,,,,,,0.0,,,
2010-11-26 00:00:00,,,,,,,,,,,,,,,,,,,,,0.0,,,
2010-11-26 01:00:00,,,,,,,,,,,,,,,,,,,,,0.0,,,
2010-11-26 02:00:00,,,,,,,,,,,,,,,,,,,,,0.0,,,
2010-11-26 03:00:00,,,,,,,,,,,,,,,,,,,,,0.0,,,
2010-11-26 04:00:00,,,,,,,,,,,,,,,,,,,,,0.0,,,
2010-11-26 05:00:00,,,,,,,,,,,,,,,,,,,,,0.0,,,
2010-11-26 06:00:00,,,,,,,,,,,,,,,,,,,,,0.0,,,
2010-11-26 07:00:00,,,,,,,,,,,,,,,,,,,,,0.0,,,
2010-11-26 08:00:00,,,,,,,,,,,,,,,,,,,,,0.0,,,
2010-11-26 09:00:00,,,,,,,,,,,,,,,,,,,,,0.0,,,
2010-11-26 10:00:00,,,,,,,,,,,,,,,,,,,,,0.0,,,
2010-11-26 11:00:00,,,,,,,,,,,,,,,,,,,,,0.0,,,
2010-11-26 12:00:00,,,,,,,,,,,,,,,,,,,,,0.0,,,
2010-11-26 13:00:00,,,,,,,,,,,,,,,,,,,,,0.0,,,
2010-11-26 14:00:00,,,,,,,,,,,,,,,,,,,,,0.0,,,
2010-11-26 15:00:00,,,,,,,,,,,,,,,,,,,,,0.0,,,
2010-11-26 16:00:00,,,,,,,,,,,,,,,,,,,,,0.0,,,
2010-11-26 17:00:00,,,,,,,,,,,,,,,,,,,,,0.0,,,
2010-11-26 18:00:00,,,,,,,,,,,,,,,,,,,,,0.0,,,
2010-11-26 19:00:00,,,,,,,,,,,,,,,,,,,,,0.0,,,
2010-11-26 20:00:00,,,,,,,,,,,,,,,,,,,,,0.0,,,
2010-11-26 21:00:00,,,,,,,,,,,,,,,,,,,,,0.0,,,
2010-11-26 22:00:00,,,,,,,,,,,,,,,,,,,,,0.0,,,
2010-11-26 23:00:00,,,,,,,,,,,,,,,,,,,,,0.0,,,
2010-11-27 00:00:00,,,,,,,,,,,,,,,,,,,,,0.0,,,
2010-11-27 01:00:00,,,,,,,,,,,,,,,,,,,,,0.0,,,
2010-11-27 02:00:00,,,,,,,,,,,,,,,,,,,,,0.0,,,
2010-11-27 03:00:00,,,,,,,,,,,,,,,,,,,,,0.0,,,
2010-11-27 04:00:00,,,,,,,,,,,,,,,,,,,,,0.0,,,
2010-11-27 05:00:00,,,,,,,,,,,,,,,,,,,,,0.0,,,
2010-11-27 06:00:00,,,,,,,,,,,,,,,,,,,,,0.0,,,
2010-11-27 07:00:00,,,,,,,,,,,,,,,,,,,,,0.0,,,
2010-11-27 08:00:00,,,,,,,,,,,,,,,,,,,,,0.0,,,
2010-11-27 09:00:00,,,,,,,,,,,,,,,,,,,,,0.0,,,
2010-11-27 10:00:00,,,,,,,,,,,,,,,,,,,,,0.0,,,
2010-11-27 11:00:00,,,,,,,,,,,,,,,,,,,,,0.0,,,
2010-11-27 12:00:00,,,,,,,,,,,,,,,,,,,,,0.0,,,
2010-11-27 13:00:00,,,,,,,,,,,,,,,,,,,,,0.0,,,
2010-11-27 14:00:00,,,,,,,,,,,,,,,,,,,,,0.0,,,
2010-11-27 15:00:00,,,,,,,,,,,,,,,,,,,,,0.0,,,
2010-11-27 16:00:00,,,,,,,,,,,,,,,,,,,,,0.0,,,
2010-11-27 17:00:00,,,,,,,,,,,,,,,,,,,,,0.0,,,
2010-11-27 18:00:00,,,,,,,,,,,,,,,,,,,,,0.0,,,
2010-11-27 19:00:00,,,,,,,,,,,,,,,,,,,,,0.0,,,
2010-11-27 20:00:00,,,,,,,,,,,,,,,,,,,,,0.0,,,
2010-11-27 21:00:00,,,,,,,,,,,,,,,,,,,,,0.0,,,
2010-11-27 22:00:00,,,,,,,,,,,,,,,,,,,,,0.0,,,
2010-11-27 23:00:00,,,,,,,,,,,,,,,,,,,,,0.0,,,
2010-11-28 00:00:00,,,,,,,,,,,,,,,,,,,,,0.0,,,
2010-11-28 01:00:00,,,,,,,,,,,,,,,,,,,,,0.0,,,
2010-11-28 02:00:00,,,,,,,,,,,,,,,,,,,,,0.0,,,
2010-11-28 03:00:00,,,,,,,,,,,,,,,,,,,,,0.0,,,
2010-11-28 04:00:00,,,,,,,,,,,,,,,,,,,,,0.0,,,
2010-11-28 05:00:00,,,,,,,,,,,,,,,,,,,,,0.0,,,
2010-11-28 06:00:00,,,,,,,,,,,,,,,,,,,,,0.0,,,
2010-11-28 07:00:00,,,,,,,,,,,,,,,,,,,,,0.0,,,
2010-11-28 08:00:00,,,,,,,,,,,,,,,,,,,,,0.0,,,
2010-11-28 09:00:00,,,,,,,,,,,,,,,,,,,,,0.0,,,
2010-11-28 10:00:00,,,,,,,,,,,,,,,,,,,,,0.0,,,
2010-11-28 11:00:00,,,,,,,,,,,,,,,,,,,,,0.0,,,
2010-11-28 12:00:00,,,,,,,,,,,,,,,,,,,,,0.0,,,
2010-11-28 13:00:00,,,,,,,,,,,,,,,,,,,,,0.0,,,
2010-11-28 14:00:00,,,,,,,,,,,,,,,,,,,,,0.0,,,
2010-11-28 15:00:00,,,,,,,,,,,,,,,,,,,,,0.0,,,
2010-11-28 16:00:00,,,,,,,,,,,,,,,,,,,,,0.0,,,
2010-11-28 17:00:00,,,,,,,,,,,,,,,,,,,,,0.0,,,
2010-11-28 18:00:00,,,,,,,,,,,,,,,,,,,,,0.0,,,
2010-11-28 19:00:00,,,,,,,,,,,,,,,,,,,,,0.0,,,
2010-11-28 20:00:00,,,,,,,,,,,,,,,,,,,,,0.0,,,
2010-11-28 21:00:00,,,,,,,,,,,,,,,,,,,,,0.0,,,
2010-11-28 22:00:00,,,,,,,,,,,,,,,,,,,,,0.0,,,
2010-11-28 23:00:00,,,,,,,,,,,,,,,,,,,,,0.0,,,
2010-11-29 00:00:00,,,,,,,,,,,,,,,,,,,,,0.0,,,
2010-11-29 01:00:00,,,,,,,,,,,,,,,,,,,,,0.0,,,
2010-11-29 02:00:00,,,,,,,,,,,,,,,,,,,,,0.0,,,
2010-11-29 03:00:00,,,,,,,,,,,,,,,,,,,,,0.0,,,
2010-11-29 04:00:00,,,,,,,,,,,,,,,,,,,,,0.0,,,
2010-11-29 05:00:00,,,,,,,,,,,,,,,,,,,,,0.0,,,
2010-11-29 06:00:00,,,,,,,,,,,,,,,,,,,,,0.0,,,
2010-11-29 07:00:00,,,,,,,,,,,,,,,,,,,,,0.0,,,
2010-11-29 08:00:00,,,,,,,,,,,,,,,,,,,,,0.0,,,
2010-11-29 09:00:00,,,,,,,,,,,,,,,,,,,,,0.0,,,
2010-11-29 10:00:00,,,,,,,,,,,,,,,,,,,,,0.0,,,
2010-11-29 11:00:00,,,,,,,,,,,,,,,,,,,,,0.0,,,
2010-11-29 12:00:00,,,,,,,,,,,,,,,,,,,,,0.0,,,
2010-11-29 13:00:00,,,,,,,,,,,,,,,,,,,,,0.0,,,
2010-11-29 14:00:00,,,,,,,,,,,,,,,,,,,,,0.0,,,
2010-11-29 15:00:00,,,,,,,,,,,,,,,,,,,,,0.0,,,
2010-11-29 16:00:00,,,,,,,,,,,,,,,,,,,,,0.0,,,
2010-11-29 17:00:00,,,,,,,,,,,,,,,,,,,,,0.0,,,
2010-11-29 18:00:00,,,,,,,,,,,,,,,,,,,,,0.0,,,
2010-11-29 19:00:00,,,,,,,,,,,,,,,,,,,,,0.0,,,
2010-11-29 20:00:00,,,,,,,,,,,,,,,,,,,,,0.0,,,
2010-11-29 21:00:00,,,,,,,,,,,,,,,,,,,,,0.0,,,
2010-11-29 22:00:00,,,,,,,,,,,,,,,,,,,,,0.0,,,
2010-11-29 23:00:00,,,,,,,,,,,,,,,,,,,,,0.0,,,
2010-11-30 00:00:00,,,,,,,,,,,,,,,,,,,,,0.0,,,
2010-11-30 01:00:00,,,,,,,,,,,,,,,,,,,,,0.0,,,
2010-11-30 02:00:00,,,,,,,,,,,,,,,,,,,,,0.0,,,
2010-11-30 03:00:00,,,,,,,,,,,,,,,,,,,,,0.0,,,
2010-11-30 04:00:00,,,,,,,,,,,,,,,,,,,,,0.0,,,
2010-11-30 05:00:00,,,,,,,,,,,,,,,,,,,,,0.0,,,
2010-11-30 06:00:00,,,,,,,,,,,,,,,,,,,,,0.0,,,
2010-11-30 07:00:00,,,,,,,,,,,,,,,,,,,,,0.0,,,
2010-11-30 08:00:00,,,,,,,,,,,,,,,,,,,,,0.0,,,
2010-11-30 09:00:00,,,,,,,,,,,,,,,,,,,,,0.0,,,
2010-11-30 10:00:00,,,,,,,,,,,,,,,,,,,,,0.0,,,
2010-11-30 11:00:00,,,,,,,,,,,,,,,,,,,,,0.0,,,
2010-11-30 12:00:00,,,,,,,,,,,,,,,,,,,,,0.0,,,
2010-11-30 13:00:00,,,,,,,,,,,,,,,,,,,,,0.0,,,
2010-11-30 14:00:00,,,,,,,,,,,,,,,,,,,,,0.0,,,
2010-11-30 15:00:00,,,,,,,,,,,,,,,,,,,,,0.0,,,
2010-11-30 16:00:00,,,,,,,,,,,,,,,,,,,,,0.0,,,
2010-11-30 17:00:00,,,,,,,,,,,,,,,,,,,,,0.0,,,
2010-11-30 18:00:00,,,,,,,,,,,,,,,,,,,,,0.0,,,
2010-11-30 19:00:00,,,,,,,,,,,,,,,,,,,,,0.0,,,
2010-11-30 20:00:00,,,,,,,,,,,,,,,,,,,,,0.0,,,
2010-11-30 21:00:00,,,,,,,,,,,,,,,,,,,,,0.0,,,
2010-11-30 22:00:00,,,,,,,,,,,,,,,,,,,,,0.0,,,
2010-11-30 23:00:00,,,,,,,,,,,,,,,,,,,,,0.0,,,
2010-12-01 00:00:00,,,,,,,,,,,,,,,,,,,,,0.0,,,
2010-12-01 01:00:00,,,,,,,,,,,,,,,,,,,,,0.0,,,
2010-12-01 02:00:00,,,,,,,,,,,,,,,,,,,,,0.0,,,
2010-12-01 03:00:00,,,,,,,,,,,,,,,,,,,,,0.0,,,
2010-12-01 04:00:00,,,,,,,,,,,,,,,,,,,,,0.0,,,
2010-12-01 05:00:00,,,,,,,,,,,,,,,,,,,,,0.0,,,
2010-12-01 06:00:00,,,,,,,,,,,,,,,,,,,,,0.0,,,
2010-12-01 07:00:00,,,,,,,,,,,,,,,,,,,,,0.0,,,
2010-12-01 08:00:00,,,,,,,,,,,,,,,,,,,,,0.0,,,
2010-12-01 09:00:00,,,,,,,,,,,,,,,,,,,,,0.0,,,
2010-12-01 10:00:00,,,,,,,,,,,,,,,,,,,,,0.0,,,
2010-12-01 11:00:00,,,,,,,,,,,,,,,,,,,,,0.0,,,
2010-12-01 12:00:00,,,,,,,,,,,,,,,,,,,,,0.0,,,
2010-12-01 13:00:00,,,,,,,,,,,,,,,,,,,,,0.0,,,
2010-12-01 14:00:00,,,,,,,,,,,,,,,,,,,,,0.0,,,
2010-12-01 15:00:00,,,,,,,,,,,,,,,,,,,,,0.0,,,
2010-12-01 16:00:00,,,,,,,,,,,,,,,,,,,,,0.0,,,
2010-12-01 17:00:00,,,,,,,,,,,,,,,,,,,,,0.0,,,
2010-12-01 18:00:00,,,,,,,,,,,,,,,,,,,,,0.0,,,
2010-12-01 19:00:00,,,,,,,,,,,,,,,,,,,,,0.0,,,
2010-12-01 20:00:00,,,,,,,,,,,,,,,,,,,,,0.0,,,
2010-12-01 21:00:00,,,,,,,,,,,,,,,,,,,,,0.0,,,
2010-12-01 22:00:00,,,,,,,,,,,,,,,,,,,,,0.0,,,
2010-12-01 23:00:00,,,,,,,,,,,,,,,,,,,,,0.0,,,
2010-12-02 00:00:00,,,,,,,,,,,,,,,,,,,,,0.0,,,
2010-12-02 01:00:00,,,,,,,,,,,,,,,,,,,,,0.0,,,
2010-12-02 02:00:00,,,,,,,,,,,,,,,,,,,,,0.0,,,
2010-12-02 03:00:00,,,,,,,,,,,,,,,,,,,,,0.0,,,
2010-12-02 04:00:00,,,,,,,,,,,,,,,,,,,,,0.0,,,
2010-12-02 05:00:00,,,,,,,,,,,,,,,,,,,,,0.0,,,
2010-12-02 06:00:00,,,,,,,,,,,,,,,,,,,,,0.0,,,
2010-12-02 07:00:00,,,,,,,,,,,,,,,,,,,,,0.0,,,
2010-12-02 08:00:00,,,,,,,,,,,,,,,,,,,,,0.0,,,
2010-12-02 09:00:00,,,,,,,,,,,,,,,,,,,,,0.0,,,
2010-12-02 10:00:00,,,,,,,,,,,,,,,,,,,,,0.0,,,
2010-12-02 11:00:00,,,,,,,,,,,,,,,,,,,,,0.0,,,
2010-12-02 12:00:00,,,,,,,,,,,,,,,,,,,,,0.0,,,
2010-12-02 13:00:00,,,,,,,,,,,,,,,,,,,,,0.0,,,
2010-12-02 14:00:00,,,,,,,,,,,,,,,,,,,,,0.0,,,
2010-12-02 15:00:00,,,,,,,,,,,,,,,,,,,,,0.0,,,
2010-12-02 16:00:00,,,,,,,,,,,,,,,,,,,,,0.0,,,
2010-12-02 17:00:00,,,,,,,,,,,,,,,,,,,,,0.0,,,
2010-12-02 18:00:00,,,,,,,,,,,,,,,,,,,,,0.0,,,
2010-12-02 19:00:00,,,,,,,,,,,,,,,,,,,,,0.0,,,
2010-12-02 20:00:00,,,,,,,,,,,,,,,,,,,,,0.0,,,
2010-12-02 21:00:00,,,,,,,,,,,,,,,,,,,,,0.0,,,
2010-12-02 22:00:00,,,,,,,,,,,,,,,,,,,,,0.0,,,
2010-12-02 23:00:00,,,,,,,,,,,,,,,,,,,,,0.0,,,
2010-12-03 00:00:00,,,,,,,,,,,,,,,,,,,,,0.0,,,
2010-12-03 01:00:00,,,,,,,,,,,,,,,,,,,,,0.0,,,
2010-12-03 02:00:00,,,,,,,,,,,,,,,,,,,,,0.0,,,
2010-12-03 03:00:00,,,,,,,,,,,,,,,,,,,,,0.0,,,
2010-12-03 04:00:00,,,,,,,,,,,,,,,,,,,,,0.0,,,
2010-12-03 05:00:00,,,,,,,,,,,,,,,,,,,,,0.0,,,
2010-12-03 06:00:00,,,,,,,,,,,,,,,,,,,,,0.0,,,
2010-12-03 07:00:00,,,,,,,,,,,,,,,,,,,,,0.0,,,
2010-12-03 08:00:00,,,,,,,,,,,,,,,,,,,,,0.0,,,
2010-12-03 09:00:00,,,,,,,,,,,,,,,,,,,,,0.0,,,
2010-12-03 10:00:00,,,,,,,,,,,,,,,,,,,,,0.0,,,
2010-12-03 11:00:00,,,,,,,,,,,,,,,,,,,,,0.0,,,
2010-12-03 12:00:00,,,,,,,,,,,,,,,,,,,,,0.0,,,
2010-12-03 13:00:00,,,,,,,,,,,,,,,,,,,,,0.0,,,
2010-12-03 14:00:00,,,,,,,,,,,,,,,,,,,,,0.0,,,
2010-12-03 15:00:00,,,,,,,,,,,,,,,,,,,,,0.0,,,
2010-12-03 16:00:00,,,,,,,,,,,,,,,,,,,,,0.0,,,
2010-12-03 17:00:00,,,,,,,,,,,,,,,,,,,,,0.0,,,
2010-12-03 18:00:00,,,,,,,,,,,,,,,,,,,,,0.0,,,
2010-12-03 19:00:00,,,,,,,,,,,,,,,,,,,,,0.0,,,
2010-12-03 20:00:00,,,,,,,,,,,,,,,,,,,,,0.0,,,
2010-12-03 21:00:00,,,,,,,,,,,,,,,,,,,,,0.0,,,
2010-12-03 22:00:00,,,,,,,,,,,,,,,,,,,,,0.0,,,
2010-12-03 23:00:00,,,,,,,,,,,,,,,,,,,,,0.0,,,
2010-12-04 00:00:00,,,,,,,,,,,,,,,,,,,,,0.0,,,
2010-12-04 01:00:00,,,,,,,,,,,,,,,,,,,,,0.0,,,
2010-12-04 02:00:00,,,,,,,,,,,,,,,,,,,,,0.0,,,
2010-12-04 03:00:00,,,,,,,,,,,,,,,,,,,,,0.0,,,
2010-12-04 04:00:00,,,,,,,,,,,,,,,,,,,,,0.0,,,
2010-12-04 05:00:00,,,,,,,,,,,,,,,,,,,,,0.0,,,
2010-12-04 06:00:00,,,,,,,,,,,,,,,,,,,,,0.0,,,
2010-12-04 07:00:00,,,,,,,,,,,,,,,,,,,,,0.0,,,
2010-12-04 08:00:00,,,,,,,,,,,,,,,,,,,,,0.0,,,
2010-12-04 09:00:00,,,,,,,,,,,,,,,,,,,,,0.0,,,
2010-12-04 10:00:00,,,,,,,,,,,,,,,,,,,,,0.0,,,
2010-12-04 11:00:00,,,,,,,,,,,,,,,,,,,,,0.0,,,
2010-12-04 12:00:00,,,,,,,,,,,,,,,,,,,,,0.0,,,
2010-12-04 13:00:00,,,,,,,,,,,,,,,,,,,,,0.0,,,
2010-12-04 14:00:00,,,,,,,,,,,,,,,,,,,,,0.0,,,
2010-12-04 15:00:00,,,,,,,,,,,,,,,,,,,,,0.0,,,
2010-12-04 16:00:00,,,,,,,,,,,,,,,,,,,,,0.0,,,
2010-12-04 17:00:00,,,,,,,,,,,,,,,,,,,,,0.0,,,
2010-12-04 18:00:00,,,,,,,,,,,,,,,,,,,,,0.0,,,
2010-12-04 19:00:00,,,,,,,,,,,,,,,,,,,,,0.0,,,
2010-12-04 20:00:00,,,,,,,,,,,,,,,,,,,,,0.0,,,
2010-12-04 21:00:00,,,,,,,,,,,,,,,,,,,,,0.0,,,
2010-12-04 22:00:00,,,,,,,,,,,,,,,,,,,,,0.0,,,
2010-12-04 23:00:00,,,,,,,,,,,,,,,,,,,,,0.0,,,
2010-12-05 00:00:00,,,,,,,,,,,,,,,,,,,,,0.0,,,
2010-12-05 01:00:00,,,,,,,,,,,,,,,,,,,,,0.0,,,
2010-12-05 02:00:00,,,,,,,,,,,,,,,,,,,,,0.0,,,
2010-12-05 03:00:00,,,,,,,,,,,,,,,,,,,,,0.0,,,
2010-12-05 04:00:00,,,,,,,,,,,,,,,,,,,,,0.0,,,
2010-12-05 05:00:00,,,,,,,,,,,,,,,,,,,,,0.0,,,
2010-12-05 06:00:00,,,,,,,,,,,,,,,,,,,,,0.0,,,
2010-12-05 07:00:00,,,,,,,,,,,,,,,,,,,,,0.0,,,
2010-12-05 08:00:00,,,,,,,,,,,,,,,,,,,,,0.0,,,
2010-12-05 09:00:00,,,,,,,,,,,,,,,,,,,,,0.0,,,
2010-12-05 10:00:00,,,,,,,,,,,,,,,,,,,,,0.0,,,
2010-12-05 11:00:00,,,,,,,,,,,,,,,,,,,,,0.0,,,
2010-12-05 12:00:00,,,,,,,,,,,,,,,,,,,,,0.0,,,
2010-12-05 13:00:00,,,,,,,,,,,,,,,,,,,,,0.0,,,
2010-12-05 14:00:00,,,,,,,,,,,,,,,,,,,,,0.0,,,
2010-12-05 15:00:00,,,,,,,,,,,,,,,,,,,,,0.0,,,
2010-12-05 16:00:00,,,,,,,,,,,,,,,,,,,,,0.0,,,
2010-12-05 17:00:00,,,,,,,,,,,,,,,,,,,,,0.0,,,
2010-12-05 18:00:00,,,,,,,,,,,,,,,,,,,,,0.0,,,
2010-12-05 19:00:00,,,,,,,,,,,,,,,,,,,,,0.0,,,
2010-12-05 20:00:00,,,,,,,,,,,,,,,,,,,,,0.0,,,
2010-12-05 21:00:00,,,,,,,,,,,,,,,,,,,,,0.0,,,
2010-12-05 22:00:00,,,,,,,,,,,,,,,,,,,,,0.0,,,
2010-12-05 23:00:00,,,,,,,,,,,,,,,,,,,,,0.0,,,
2010-12-06 00:00:00,,,,,,,,,,,,,,,,,,,,,0.0,,,
2010-12-06 01:00:00,,,,,,,,,,,,,,,,,,,,,0.0,,,
2010-12-06 02:00:00,,,,,,,,,,,,,,,,,,,,,0.0,,,
2010-12-06 03:00:00,,,,,,,,,,,,,,,,,,,,,0.0,,,
2010-12-06 04:00:00,,,,,,,,,,,,,,,,,,,,,0.0,,,
2010-12-06 05:00:00,,,,,,,,,,,,,,,,,,,,,0.0,,,
2010-12-06 06:00:00,,,,,,,,,,,,,,,,,,,,,0.0,,,
2010-12-06 07:00:00,,,,,,,,,,,,,,,,,,,,,0.0,,,
2010-12-06 08:00:00,,,,,,,,,,,,,,,,,,,,,0.0,,,
2010-12-06 09:00:00,,,,,,,,,,,,,,,,,,,,,0.0,,,
2010-12-06 10:00:00,,,,,,,,,,,,,,,,,,,,,0.0,,,
2010-12-06 11:00:00,,,,,,,,,,,,,,,,,,,,,0.0,,,
2010-12-06 12:00:00,,,,,,,,,,,,,,,,,,,,,0.0,,,
2010-12-06 13:00:00,,,,,,,,,,,,,,,,,,,,,0.0,,,
2010-12-06 14:00:00,,,,,,,,,,,,,,,,,,,,,0.0,,,
2010-12-06 15:00:00,,,,,,,,,,,,,,,,,,,,,0.0,,,
2010-12-06 16:00:00,,,,,,,,,,,,,,,,,,,,,0.0,,,
2010-12-06 17:00:00,,,,,,,,,,,,,,,,,,,,,0.0,,,
2010-12-06 18:00:00,,,,,,,,,,,,,,,,,,,,,0.0,,,
2010-12-06 19:00:00,,,,,,,,,,,,,,,,,,,,,0.0,,,
2010-12-06 20:00:00,,,,,,,,,,,,,,,,,,,,,0.0,,,
2010-12-06 21:00:00,,,,,,,,,,,,,,,,,,,,,0.0,,,
2010-12-06 22:00:00,,,,,,,,,,,,,,,,,,,,,0.0,,,
2010-12-06 23:00:00,,,,,,,,,,,,,,,,,,,,,0.0,,,
2010-12-07 00:00:00,,,,,,,,,,,,,,,,,,,,,0.0,,,
2010-12-07 01:00:00,,,,,,,,,,,,,,,,,,,,,0.0,,,
2010-12-07 02:00:00,,,,,,,,,,,,,,,,,,,,,0.0,,,
2010-12-07 03:00:00,,,,,,,,,,,,,,,,,,,,,0.0,,,
2010-12-07 04:00:00,,,,,,,,,,,,,,,,,,,,,0.0,,,
2010-12-07 05:00:00,,,,,,,,,,,,,,,,,,,,,0.0,,,
2010-12-07 06:00:00,,,,,,,,,,,,,,,,,,,,,0.0,,,
2010-12-07 07:00:00,,,,,,,,,,,,,,,,,,,,,0.0,,,
2010-12-07 08:00:00,,,,,,,,,,,,,,,,,,,,,0.0,,,
2010-12-07 09:00:00,,,,,,,,,,,,,,,,,,,,,0.0,,,
2010-12-07 10:00:00,,,,,,,,,,,,,,,,,,,,,0.0,,,
2010-12-07 11:00:00,,,,,,,,,,,,,,,,,,,,,0.0,,,
2010-12-07 12:00:00,,,,,,,,,,,,,,,,,,,,,0.0,,,
2010-12-07 13:00:00,,,,,,,,,,,,,,,,,,,,,0.0,,,
2010-12-07 14:00:00,,,,,,,,,,,,,,,,,,,,,0.0,,,
2010-12-07 15:00:00,,,,,,,,,,,,,,,,,,,,,0.0,,,
2010-12-07 16:00:00,,,,,,,,,,,,,,,,,,,,,0.0,,,
2010-12-07 17:00:00,,,,,,,,,,,,,,,,,,,,,0.0,,,
2010-12-07 18:00:00,,,,,,,,,,,,,,,,,,,,,0.0,,,
2010-12-07 19:00:00,,,,,,,,,,,,,,,,,,,,,0.0,,,
2010-12-07 20:00:00,,,,,,,,,,,,,,,,,,,,,0.0,,,
2010-12-07 21:00:00,,,,,,,,,,,,,,,,,,,,,0.0,,,
2010-12-07 22:00:00,,,,,,,,,,,,,,,,,,,,,0.0,,,
2010-12-07 23:00:00,,,,,,,,,,,,,,,,,,,,,0.0,,,
2010-12-08 00:00:00,,,,,,,,,,,,,,,,,,,,,0.0,,,
2010-12-08 01:00:00,,,,,,,,,,,,,,,,,,,,,0.0,,,
2010-12-08 02:00:00,,,,,,,,,,,,,,,,,,,,,0.0,,,
2010-12-08 03:00:00,,,,,,,,,,,,,,,,,,,,,0.0,,,
2010-12-08 04:00:00,,,,,,,,,,,,,,,,,,,,,0.0,,,
2010-12-08 05:00:00,,,,,,,,,,,,,,,,,,,,,0.0,,,
2010-12-08 06:00:00,,,,,,,,,,,,,,,,,,,,,0.0,,,
2010-12-08 07:00:00,,,,,,,,,,,,,,,,,,,,,0.0,,,
2010-12-08 08:00:00,,,,,,,,,,,,,,,,,,,,,0.0,,,
2010-12-08 09:00:00,,,,,,,,,,,,,,,,,,,,,0.0,,,
2010-12-08 10:00:00,,,,,,,,,,,,,,,,,,,,,0.0,,,
2010-12-08 11:00:00,,,,,,,,,,,,,,,,,,,,,0.0,,,
2010-12-08 12:00:00,,,,,,,,,,,,,,,,,,,,,0.0,,,
2010-12-08 13:00:00,,,,,,,,,,,,,,,,,,,,,0.0,,,
2010-12-08 14:00:00,,,,,,,,,,,,,,,,,,,,,0.0,,,
2010-12-08 15:00:00,,,,,,,,,,,,,,,,,,,,,0.0,,,
2010-12-08 16:00:00,,,,,,,,,,,,,,,,,,,,,0.0,,,
2010-12-08 17:00:00,,,,,,,,,,,,,,,,,,,,,0.0,,,
2010-12-08 18:00:00,,,,,,,,,,,,,,,,,,,,,0.0,,,
2010-12-08 19:00:00,,,,,,,,,,,,,,,,,,,,,0.0,,,
2010-12-08 20:00:00,,,,,,,,,,,,,,,,,,,,,0.0,,,
2010-12-08 21:00:00,,,,,,,,,,,,,,,,,,,,,0.0,,,
2010-12-08 22:00:00,,,,,,,,,,,,,,,,,,,,,0.0,,,
2010-12-08 23:00:00,,,,,,,,,,,,,,,,,,,,,0.0,,,
2010-12-09 00:00:00,,,,,,,,,,,,,,,,,,,,,0.0,,,
2010-12-09 01:00:00,,,,,,,,,,,,,,,,,,,,,0.0,,,
2010-12-09 02:00:00,,,,,,,,,,,,,,,,,,,,,0.0,,,
2010-12-09 03:00:00,,,,,,,,,,,,,,,,,,,,,0.0,,,
2010-12-09 04:00:00,,,,,,,,,,,,,,,,,,,,,0.0,,,
2010-12-09 05:00:00,,,,,,,,,,,,,,,,,,,,,0.0,,,
2010-12-09 06:00:00,,,,,,,,,,,,,,,,,,,,,0.0,,,
2010-12-09 07:00:00,,,,,,,,,,,,,,,,,,,,,0.0,,,
2010-12-09 08:00:00,,,,,,,,,,,,,,,,,,,,,0.0,,,
2010-12-09 09:00:00,,,,,,,,,,,,,,,,,,,,,0.0,,,
2010-12-09 10:00:00,,,,,,,,,,,,,,,,,,,,,0.0,,,
2010-12-09 11:00:00,,,,,,,,,,,,,,,,,,,,,0.0,,,
2010-12-09 12:00:00,,,,,,,,,,,,,,,,,,,,,0.0,,,
2010-12-09 13:00:00,,,,,,,,,,,,,,,,,,,,,0.0,,,
2010-12-09 14:00:00,,,,,,,,,,,,,,,,,,,,,0.0,,,
2010-12-09 15:00:00,,,,,,,,,,,,,,,,,,,,,0.0,,,
2010-12-09 16:00:00,,,,,,,,,,,,,,,,,,,,,0.0,,,
2010-12-09 17:00:00,,,,,,,,,,,,,,,,,,,,,0.0,,,
2010-12-09 18:00:00,,,,,,,,,,,,,,,,,,,,,0.0,,,
2010-12-09 19:00:00,,,,,,,,,,,,,,,,,,,,,0.0,,,
2010-12-09 20:00:00,,,,,,,,,,,,,,,,,,,,,0.0,,,
2010-12-09 21:00:00,,,,,,,,,,,,,,,,,,,,,0.0,,,
2010-12-09 22:00:00,,,,,,,,,,,,,,,,,,,,,0.0,,,
2010-12-09 23:00:00,,,,,,,,,,,,,,,,,,,,,0.0,,,
2010-12-10 00:00:00,,,,,,,,,,,,,,,,,,,,,0.0,,,
2010-12-10 01:00:00,,,,,,,,,,,,,,,,,,,,,0.0,,,
2010-12-10 02:00:00,,,,,,,,,,,,,,,,,,,,,0.0,,,
2010-12-10 03:00:00,,,,,,,,,,,,,,,,,,,,,0.0,,,
2010-12-10 04:00:00,,,,,,,,,,,,,,,,,,,,,0.0,,,
2010-12-10 05:00:00,,,,,,,,,,,,,,,,,,,,,0.0,,,
2010-12-10 06:00:00,,,,,,,,,,,,,,,,,,,,,0.0,,,
2010-12-10 07:00:00,,,,,,,,,,,,,,,,,,,,,0.0,,,
2010-12-10 08:00:00,,,,,,,,,,,,,,,,,,,,,0.0,,,
2010-12-10 09:00:00,,,,,,,,,,,,,,,,,,,,,0.0,,,
2010-12-10 10:00:00,,,,,,,,,,,,,,,,,,,,,0.0,,,
2010-12-10 11:00:00,,,,,,,,,,,,,,,,,,,,,0.0,,,
2010-12-10 12:00:00,,,,,,,,,,,,,,,,,,,,,0.0,,,
2010-12-10 13:00:00,,,,,,,,,,,,,,,,,,,,,0.0,,,
2010-12-10 14:00:00,,,,,,,,,,,,,,,,,,,,,0.0,,,
2010-12-10 15:00:00,,,,,,,,,,,,,,,,,,,,,0.0,,,
2010-12-10 16:00:00,,,,,,,,,,,,,,,,,,,,,0.0,,,
2010-12-10 17:00:00,,,,,,,,,,,,,,,,,,,,,0.0,,,
2010-12-10 18:00:00,,,,,,,,,,,,,,,,,,,,,0.0,,,
2010-12-10 19:00:00,,,,,,,,,,,,,,,,,,,,,0.0,,,
2010-12-10 20:00:00,,,,,,,,,,,,,,,,,,,,,0.0,,,
2010-12-10 21:00:00,,,,,,,,,,,,,,,,,,,,,0.0,,,
2010-12-10 22:00:00,,,,,,,,,,,,,,,,,,,,,0.0,,,
2010-12-10 23:00:00,,,,,,,,,,,,,,,,,,,,,0.0,,,
2010-12-11 00:00:00,,,,,,,,,,,,,,,,,,,,,0.0,,,
2010-12-11 01:00:00,,,,,,,,,,,,,,,,,,,,,0.0,,,
2010-12-11 02:00:00,,,,,,,,,,,,,,,,,,,,,0.0,,,
2010-12-11 03:00:00,,,,,,,,,,,,,,,,,,,,,0.0,,,
2010-12-11 04:00:00,,,,,,,,,,,,,,,,,,,,,0.0,,,
2010-12-11 05:00:00,,,,,,,,,,,,,,,,,,,,,0.0,,,
2010-12-11 06:00:00,,,,,,,,,,,,,,,,,,,,,0.0,,,
2010-12-11 07:00:00,,,,,,,,,,,,,,,,,,,,,0.0,,,
2010-12-11 08:00:00,,,,,,,,,,,,,,,,,,,,,0.0,,,
2010-12-11 09:00:00,,,,,,,,,,,,,,,,,,,,,0.0,,,
2010-12-11 10:00:00,,,,,,,,,,,,,,,,,,,,,0.0,,,
2010-12-11 11:00:00,,,,,,,,,,,,,,,,,,,,,0.0,,,
2010-12-11 12:00:00,,,,,,,,,,,,,,,,,,,,,0.0,,,
2010-12-11 13:00:00,,,,,,,,,,,,,,,,,,,,,0.0,,,
2010-12-11 14:00:00,,,,,,,,,,,,,,,,,,,,,0.0,,,
2010-12-11 15:00:00,,,,,,,,,,,,,,,,,,,,,0.0,,,
2010-12-11 16:00:00,,,,,,,,,,,,,,,,,,,,,0.0,,,
2010-12-11 17:00:00,,,,,,,,,,,,,,,,,,,,,0.0,,,
2010-12-11 18:00:00,,,,,,,,,,,,,,,,,,,,,0.0,,,
2010-12-11 19:00:00,,,,,,,,,,,,,,,,,,,,,0.0,,,
2010-12-11 20:00:00,,,,,,,,,,,,,,,,,,,,,0.0,,,
2010-12-11 21:00:00,,,,,,,,,,,,,,,,,,,,,0.0,,,
2010-12-11 22:00:00,,,,,,,,,,,,,,,,,,,,,0.0,,,
2010-12-11 23:00:00,,,,,,,,,,,,,,,,,,,,,0.0,,,
2010-12-12 00:00:00,,,,,,,,,,,,,,,,,,,,,0.0,,,
2010-12-12 01:00:00,,,,,,,,,,,,,,,,,,,,,0.0,,,
2010-12-12 02:00:00,,,,,,,,,,,,,,,,,,,,,0.0,,,
2010-12-12 03:00:00,,,,,,,,,,,,,,,,,,,,,0.0,,,
2010-12-12 04:00:00,,,,,,,,,,,,,,,,,,,,,0.0,,,
2010-12-12 05:00:00,,,,,,,,,,,,,,,,,,,,,0.0,,,
2010-12-12 06:00:00,,,,,,,,,,,,,,,,,,,,,0.0,,,
2010-12-12 07:00:00,,,,,,,,,,,,,,,,,,,,,0.0,,,
2010-12-12 08:00:00,,,,,,,,,,,,,,,,,,,,,0.0,,,
2010-12-12 09:00:00,,,,,,,,,,,,,,,,,,,,,0.0,,,
2010-12-12 10:00:00,,,,,,,,,,,,,,,,,,,,,0.0,,,
2010-12-12 11:00:00,,,,,,,,,,,,,,,,,,,,,0.0,,,
2010-12-12 12:00:00,,,,,,,,,,,,,,,,,,,,,0.0,,,
2010-12-12 13:00:00,,,,,,,,,,,,,,,,,,,,,0.0,,,
2010-12-12 14:00:00,,,,,,,,,,,,,,,,,,,,,0.0,,,
2010-12-12 15:00:00,,,,,,,,,,,,,,,,,,,,,0.0,,,
2010-12-12 16:00:00,,,,,,,,,,,,,,,,,,,,,0.0,,,
2010-12-12 17:00:00,,,,,,,,,,,,,,,,,,,,,0.0,,,
2010-12-12 18:00:00,,,,,,,,,,,,,,,,,,,,,0.0,,,
2010-12-12 19:00:00,,,,,,,,,,,,,,,,,,,,,0.0,,,
2010-12-12 20:00:00,,,,,,,,,,,,,,,,,,,,,0.0,,,
2010-12-12 21:00:00,,,,,,,,,,,,,,,,,,,,,0.0,,,
2010-12-12 22:00:00,,,,,,,,,,,,,,,,,,,,,0.0,,,
2010-12-12 23:00:00,,,,,,,,,,,,,,,,,,,,,0.0,,,
2010-12-13 00:00:00,,,,,,,,,,,,,,,,,,,,,0.0,,,
2010-12-13 01:00:00,,,,,,,,,,,,,,,,,,,,,0.0,,,
2010-12-13 02:00:00,,,,,,,,,,,,,,,,,,,,,0.0,,,
2010-12-13 03:00:00,,,,,,,,,,,,,,,,,,,,,0.0,,,
2010-12-13 04:00:00,,,,,,,,,,,,,,,,,,,,,0.0,,,
2010-12-13 05:00:00,,,,,,,,,,,,,,,,,,,,,0.0,,,
2010-12-13 06:00:00,,,,,,,,,,,,,,,,,,,,,0.0,,,
2010-12-13 07:00:00,,,,,,,,,,,,,,,,,,,,,0.0,,,
2010-12-13 08:00:00,,,,,,,,,,,,,,,,,,,,,0.0,,,
2010-12-13 09:00:00,,,,,,,,,,,,,,,,,,,,,0.0,,,
2010-12-13 10:00:00,,,,,,,,,,,,,,,,,,,,,0.0,,,
2010-12-13 11:00:00,,,,,,,,,,,,,,,,,,,,,0.0,,,
2010-12-13 12:00:00,,,,,,,,,,,,,,,,,,,,,0.0,,,
2010-12-13 13:00:00,,,,,,,,,,,,,,,,,,,,,0.0,,,
2010-12-13 14:00:00,,,,,,,,,,,,,,,,,,,,,0.0,,,
2010-12-13 15:00:00,,,,,,,,,,,,,,,,,,,,,0.0,,,
2010-12-13 16:00:00,,,,,,,,,,,,,,,,,,,,,0.0,,,
2010-12-13 17:00:00,,,,,,,,,,,,,,,,,,,,,0.0,,,
2010-12-13 18:00:00,,,,,,,,,,,,,,,,,,,,,0.0,,,
2010-12-13 19:00:00,,,,,,,,,,,,,,,,,,,,,0.0,,,
2010-12-13 20:00:00,,,,,,,,,,,,,,,,,,,,,0.0,,,
2010-12-13 21:00:00,,,,,,,,,,,,,,,,,,,,,0.0,,,
2010-12-13 22:00:00,,,,,,,,,,,,,,,,,,,,,0.0,,,
2010-12-13 23:00:00,,,,,,,,,,,,,,,,,,,,,0.0,,,
2010-12-14 00:00:00,,,,,,,,,,,,,,,,,,,,,0.0,,,
2010-12-14 01:00:00,,,,,,,,,,,,,,,,,,,,,0.0,,,
2010-12-14 02:00:00,,,,,,,,,,,,,,,,,,,,,0.0,,,
2010-12-14 03:00:00,,,,,,,,,,,,,,,,,,,,,0.0,,,
2010-12-14 04:00:00,,,,,,,,,,,,,,,,,,,,,0.0,,,
2010-12-14 05:00:00,,,,,,,,,,,,,,,,,,,,,0.0,,,
2010-12-14 06:00:00,,,,,,,,,,,,,,,,,,,,,0.0,,,
2010-12-14 07:00:00,,,,,,,,,,,,,,,,,,,,,0.0,,,
2010-12-14 08:00:00,,,,,,,,,,,,,,,,,,,,,0.0,,,
2010-12-14 09:00:00,,,,,,,,,,,,,,,,,,,,,0.0,,,
2010-12-14 10:00:00,,,,,,,,,,,,,,,,,,,,,0.0,,,
2010-12-14 11:00:00,,,,,,,,,,,,,,,,,,,,,0.0,,,
2010-12-14 12:00:00,,,,,,,,,,,,,,,,,,,,,0.0,,,
2010-12-14 13:00:00,,,,,,,,,,,,,,,,,,,,,0.0,,,
2010-12-14 14:00:00,,,,,,,,,,,,,,,,,,,,,0.0,,,
2010-12-14 15:00:00,,,,,,,,,,,,,,,,,,,,,0.0,,,
2010-12-14 16:00:00,,,,,,,,,,,,,,,,,,,,,0.0,,,
2010-12-14 17:00:00,,,,,,,,,,,,,,,,,,,,,0.0,,,
2010-12-14 18:00:00,,,,,,,,,,,,,,,,,,,,,0.0,,,
2010-12-14 19:00:00,,,,,,,,,,,,,,,,,,,,,0.0,,,
2010-12-14 20:00:00,,,,,,,,,,,,,,,,,,,,,0.0,,,
2010-12-14 21:00:00,,,,,,,,,,,,,,,,,,,,,0.0,,,
2010-12-14 22:00:00,,,,,,,,,,,,,,,,,,,,,0.0,,,
2010-12-14 23:00:00,,,,,,,,,,,,,,,,,,,,,0.0,,,
2010-12-15 00:00:00,,,,,,,,,,,,,,,,,,,,,0.0,,,
2010-12-15 01:00:00,,,,,,,,,,,,,,,,,,,,,0.0,,,
2010-12-15 02:00:00,,,,,,,,,,,,,,,,,,,,,0.0,,,
2010-12-15 03:00:00,,,,,,,,,,,,,,,,,,,,,0.0,,,
2010-12-15 04:00:00,,,,,,,,,,,,,,,,,,,,,0.0,,,
2010-12-15 05:00:00,,,,,,,,,,,,,,,,,,,,,0.0,,,
2010-12-15 06:00:00,,,,,,,,,,,,,,,,,,,,,0.0,,,
2010-12-15 07:00:00,,,,,,,,,,,,,,,,,,,,,0.0,,,
2010-12-15 08:00:00,,,,,,,,,,,,,,,,,,,,,0.0,,,
2010-12-15 09:00:00,,,,,,,,,,,,,,,,,,,,,0.0,,,
2010-12-15 10:00:00,,,,,,,,,,,,,,,,,,,,,0.0,,,
2010-12-15 11:00:00,,,,,,,,,,,,,,,,,,,,,0.0,,,
2010-12-15 12:00:00,,,,,,,,,,,,,,,,,,,,,0.0,,,
2010-12-15 13:00:00,,,,,,,,,,,,,,,,,,,,,0.0,,,
2010-12-15 14:00:00,,,,,,,,,,,,,,,,,,,,,0.0,,,
2010-12-15 15:00:00,,,,,,,,,,,,,,,,,,,,,0.0,,,
2010-12-15 16:00:00,,,,,,,,,,,,,,,,,,,,,0.0,,,
2010-12-15 17:00:00,,,,,,,,,,,,,,,,,,,,,0.0,,,
2010-12-15 18:00:00,,,,,,,,,,,,,,,,,,,,,0.0,,,
2010-12-15 19:00:00,,,,,,,,,,,,,,,,,,,,,0.0,,,
2010-12-15 20:00:00,,,,,,,,,,,,,,,,,,,,,0.0,,,
2010-12-15 21:00:00,,,,,,,,,,,,,,,,,,,,,0.0,,,
2010-12-15 22:00:00,,,,,,,,,,,,,,,,,,,,,0.0,,,
2010-12-15 23:00:00,,,,,,,,,,,,,,,,,,,,,0.0,,,
2010-12-16 00:00:00,,,,,,,,,,,,,,,,,,,,,0.0,,,
2010-12-16 01:00:00,,,,,,,,,,,,,,,,,,,,,0.0,,,
2010-12-16 02:00:00,,,,,,,,,,,,,,,,,,,,,0.0,,,
2010-12-16 03:00:00,,,,,,,,,,,,,,,,,,,,,0.0,,,
2010-12-16 04:00:00,,,,,,,,,,,,,,,,,,,,,0.0,,,
2010-12-16 05:00:00,,,,,,,,,,,,,,,,,,,,,0.0,,,
2010-12-16 06:00:00,,,,,,,,,,,,,,,,,,,,,0.0,,,
2010-12-16 07:00:00,,,,,,,,,,,,,,,,,,,,,0.0,,,
2010-12-16 08:00:00,,,,,,,,,,,,,,,,,,,,,0.0,,,
2010-12-16 09:00:00,,,,,,,,,,,,,,,,,,,,,0.0,,,
2010-12-16 10:00:00,,,,,,,,,,,,,,,,,,,,,0.0,,,
2010-12-16 11:00:00,,,,,,,,,,,,,,,,,,,,,0.0,,,
2010-12-16 12:00:00,,,,,,,,,,,,,,,,,,,,,0.0,,,
2010-12-16 13:00:00,,,,,,,,,,,,,,,,,,,,,0.0,,,
2010-12-16 14:00:00,,,,,,,,,,,,,,,,,,,,,0.0,,,
2010-12-16 15:00:00,,,,,,,,,,,,,,,,,,,,,0.0,,,
2010-12-16 16:00:00,,,,,,,,,,,,,,,,,,,,,0.0,,,
2010-12-16 17:00:00,,,,,,,,,,,,,,,,,,,,,0.0,,,
2010-12-16 18:00:00,,,,,,,,,,,,,,,,,,,,,0.0,,,
2010-12-16 19:00:00,,,,,,,,,,,,,,,,,,,,,0.0,,,
2010-12-16 20:00:00,,,,,,,,,,,,,,,,,,,,,0.0,,,
2010-12-16 21:00:00,,,,,,,,,,,,,,,,,,,,,0.0,,,
2010-12-16 22:00:00,,,,,,,,,,,,,,,,,,,,,0.0,,,
2010-12-16 23:00:00,,,,,,,,,,,,,,,,,,,,,0.0,,,
2010-12-17 00:00:00,,,,,,,,,,,,,,,,,,,,,0.0,,,
2010-12-17 01:00:00,,,,,,,,,,,,,,,,,,,,,0.0,,,
2010-12-17 02:00:00,,,,,,,,,,,,,,,,,,,,,0.0,,,
2010-12-17 03:00:00,,,,,,,,,,,,,,,,,,,,,0.0,,,
2010-12-17 04:00:00,,,,,,,,,,,,,,,,,,,,,0.0,,,
2010-12-17 05:00:00,,,,,,,,,,,,,,,,,,,,,0.0,,,
2010-12-17 06:00:00,,,,,,,,,,,,,,,,,,,,,0.0,,,
2010-12-17 07:00:00,,,,,,,,,,,,,,,,,,,,,0.0,,,
2010-12-17 08:00:00,,,,,,,,,,,,,,,,,,,,,0.0,,,
2010-12-17 09:00:00,,,,,,,,,,,,,,,,,,,,,0.0,,,
2010-12-17 10:00:00,,,,,,,,,,,,,,,,,,,,,0.0,,,
2010-12-17 11:00:00,,,,,,,,,,,,,,,,,,,,,0.0,,,
2010-12-17 12:00:00,,,,,,,,,,,,,,,,,,,,,0.0,,,
2010-12-17 13:00:00,,,,,,,,,,,,,,,,,,,,,0.0,,,
2010-12-17 14:00:00,,,,,,,,,,,,,,,,,,,,,0.0,,,
2010-12-17 15:00:00,,,,,,,,,,,,,,,,,,,,,0.0,,,
2010-12-17 16:00:00,,,,,,,,,,,,,,,,,,,,,0.0,,,
2010-12-17 17:00:00,,,,,,,,,,,,,,,,,,,,,0.0,,,
2010-12-17 18:00:00,,,,,,,,,,,,,,,,,,,,,0.0,,,
2010-12-17 19:00:00,,,,,,,,,,,,,,,,,,,,,0.0,,,
2010-12-17 20:00:00,,,,,,,,,,,,,,,,,,,,,0.0,,,
2010-12-17 21:00:00,,,,,,,,,,,,,,,,,,,,,0.0,,,
2010-12-17 22:00:00,,,,,,,,,,,,,,,,,,,,,0.0,,,
2010-12-17 23:00:00,,,,,,,,,,,,,,,,,,,,,0.0,,,
2010-12-18 00:00:00,,,,,,,,,,,,,,,,,,,,,0.0,,,
2010-12-18 01:00:00,,,,,,,,,,,,,,,,,,,,,0.0,,,
2010-12-18 02:00:00,,,,,,,,,,,,,,,,,,,,,0.0,,,
2010-12-18 03:00:00,,,,,,,,,,,,,,,,,,,,,0.0,,,
2010-12-18 04:00:00,,,,,,,,,,,,,,,,,,,,,0.0,,,
2010-12-18 05:00:00,,,,,,,,,,,,,,,,,,,,,0.0,,,
2010-12-18 06:00:00,,,,,,,,,,,,,,,,,,,,,0.0,,,
2010-12-18 07:00:00,,,,,,,,,,,,,,,,,,,,,0.0,,,
2010-12-18 08:00:00,,,,,,,,,,,,,,,,,,,,,0.0,,,
2010-12-18 09:00:00,,,,,,,,,,,,,,,,,,,,,0.0,,,
2010-12-18 10:00:00,,,,,,,,,,,,,,,,,,,,,0.0,,,
2010-12-18 11:00:00,,,,,,,,,,,,,,,,,,,,,0.0,,,
2010-12-18 12:00:00,,,,,,,,,,,,,,,,,,,,,0.0,,,
2010-12-18 13:00:00,,,,,,,,,,,,,,,,,,,,,0.0,,,
2010-12-18 14:00:00,,,,,,,,,,,,,,,,,,,,,0.0,,,
2010-12-18 15:00:00,,,,,,,,,,,,,,,,,,,,,0.0,,,
2010-12-18 16:00:00,,,,,,,,,,,,,,,,,,,,,0.0,,,
2010-12-18 17:00:00,,,,,,,,,,,,,,,,,,,,,0.0,,,
2010-12-18 18:00:00,,,,,,,,,,,,,,,,,,,,,0.0,,,
2010-12-18 19:00:00,,,,,,,,,,,,,,,,,,,,,0.0,,,
2010-12-18 20:00:00,,,,,,,,,,,,,,,,,,,,,0.0,,,
2010-12-18 21:00:00,,,,,,,,,,,,,,,,,,,,,0.0,,,
2010-12-18 22:00:00,,,,,,,,,,,,,,,,,,,,,0.0,,,
2010-12-18 23:00:00,,,,,,,,,,,,,,,,,,,,,0.0,,,
2010-12-19 00:00:00,,,,,,,,,,,,,,,,,,,,,0.0,,,
2010-12-19 01:00:00,,,,,,,,,,,,,,,,,,,,,0.0,,,
2010-12-19 02:00:00,,,,,,,,,,,,,,,,,,,,,0.0,,,
2010-12-19 03:00:00,,,,,,,,,,,,,,,,,,,,,0.0,,,
2010-12-19 04:00:00,,,,,,,,,,,,,,,,,,,,,0.0,,,
2010-12-19 05:00:00,,,,,,,,,,,,,,,,,,,,,0.0,,,
2010-12-19 06:00:00,,,,,,,,,,,,,,,,,,,,,0.0,,,
2010-12-19 07:00:00,,,,,,,,,,,,,,,,,,,,,0.0,,,
2010-12-19 08:00:00,,,,,,,,,,,,,,,,,,,,,0.0,,,
2010-12-19 09:00:00,,,,,,,,,,,,,,,,,,,,,0.0,,,
2010-12-19 10:00:00,,,,,,,,,,,,,,,,,,,,,0.0,,,
2010-12-19 11:00:00,,,,,,,,,,,,,,,,,,,,,0.0,,,
2010-12-19 12:00:00,,,,,,,,,,,,,,,,,,,,,0.0,,,
2010-12-19 13:00:00,,,,,,,,,,,,,,,,,,,,,0.0,,,
2010-12-19 14:00:00,,,,,,,,,,,,,,,,,,,,,0.0,,,
2010-12-19 15:00:00,,,,,,,,,,,,,,,,,,,,,0.0,,,
2010-12-19 16:00:00,,,,,,,,,,,,,,,,,,,,,0.0,,,
2010-12-19 17:00:00,,,,,,,,,,,,,,,,,,,,,0.0,,,
2010-12-19 18:00:00,,,,,,,,,,,,,,,,,,,,,0.0,,,
2010-12-19 19:00:00,,,,,,,,,,,,,,,,,,,,,0.0,,,
2010-12-19 20:00:00,,,,,,,,,,,,,,,,,,,,,0.0,,,
2010-12-19 21:00:00,,,,,,,,,,,,,,,,,,,,,0.0,,,
2010-12-19 22:00:00,,,,,,,,,,,,,,,,,,,,,0.0,,,
2010-12-19 23:00:00,,,,,,,,,,,,,,,,,,,,,0.0,,,
2010-12-20 00:00:00,,,,,,,,,,,,,,,,,,,,,0.0,,,
2010-12-20 01:00:00,,,,,,,,,,,,,,,,,,,,,0.0,,,
2010-12-20 02:00:00,,,,,,,,,,,,,,,,,,,,,0.0,,,
2010-12-20 03:00:00,,,,,,,,,,,,,,,,,,,,,0.0,,,
2010-12-20 04:00:00,,,,,,,,,,,,,,,,,,,,,0.0,,,
2010-12-20 05:00:00,,,,,,,,,,,,,,,,,,,,,0.0,,,
2010-12-20 06:00:00,,,,,,,,,,,,,,,,,,,,,0.0,,,
2010-12-20 07:00:00,,,,,,,,,,,,,,,,,,,,,0.0,,,
2010-12-20 08:00:00,,,,,,,,,,,,,,,,,,,,,0.0,,,
2010-12-20 09:00:00,,,,,,,,,,,,,,,,,,,,,0.0,,,
2010-12-20 10:00:00,,,,,,,,,,,,,,,,,,,,,0.0,,,
2010-12-20 11:00:00,,,,,,,,,,,,,,,,,,,,,0.0,,,
2010-12-20 12:00:00,,,,,,,,,,,,,,,,,,,,,0.0,,,
2010-12-20 13:00:00,,,,,,,,,,,,,,,,,,,,,0.0,,,
2010-12-20 14:00:00,,,,,,,,,,,,,,,,,,,,,0.0,,,
2010-12-20 15:00:00,,,,,,,,,,,,,,,,,,,,,0.0,,,
2010-12-20 16:00:00,,,,,,,,,,,,,,,,,,,,,0.0,,,
2010-12-20 17:00:00,,,,,,,,,,,,,,,,,,,,,0.0,,,
2010-12-20 18:00:00,,,,,,,,,,,,,,,,,,,,,0.0,,,
2010-12-20 19:00:00,,,,,,,,,,,,,,,,,,,,,0.0,,,
2010-12-20 20:00:00,,,,,,,,,,,,,,,,,,,,,0.0,,,
2010-12-20 21:00:00,,,,,,,,,,,,,,,,,,,,,0.0,,,
2010-12-20 22:00:00,,,,,,,,,,,,,,,,,,,,,0.0,,,
2010-12-20 23:00:00,,,,,,,,,,,,,,,,,,,,,0.0,,,
2010-12-21 00:00:00,,,,,,,,,,,,,,,,,,,,,0.0,,,
2010-12-21 01:00:00,,,,,,,,,,,,,,,,,,,,,0.0,,,
2010-12-21 02:00:00,,,,,,,,,,,,,,,,,,,,,0.0,,,
2010-12-21 03:00:00,,,,,,,,,,,,,,,,,,,,,0.0,,,
2010-12-21 04:00:00,,,,,,,,,,,,,,,,,,,,,0.0,,,
2010-12-21 05:00:00,,,,,,,,,,,,,,,,,,,,,0.0,,,
2010-12-21 06:00:00,,,,,,,,,,,,,,,,,,,,,0.0,,,
2010-12-21 07:00:00,,,,,,,,,,,,,,,,,,,,,0.0,,,
2010-12-21 08:00:00,,,,,,,,,,,,,,,,,,,,,0.0,,,
2010-12-21 09:00:00,,,,,,,,,,,,,,,,,,,,,0.0,,,
2010-12-21 10:00:00,,,,,,,,,,,,,,,,,,,,,0.0,,,
2010-12-21 11:00:00,,,,,,,,,,,,,,,,,,,,,0.0,,,
2010-12-21 12:00:00,,,,,,,,,,,,,,,,,,,,,0.0,,,
2010-12-21 13:00:00,,,,,,,,,,,,,,,,,,,,,0.0,,,
2010-12-21 14:00:00,,,,,,,,,,,,,,,,,,,,,0.0,,,
2010-12-21 15:00:00,,,,,,,,,,,,,,,,,,,,,0.0,,,
2010-12-21 16:00:00,,,,,,,,,,,,,,,,,,,,,0.0,,,
2010-12-21 17:00:00,,,,,,,,,,,,,,,,,,,,,0.0,,,
2010-12-21 18:00:00,,,,,,,,,,,,,,,,,,,,,0.0,,,
2010-12-21 19:00:00,,,,,,,,,,,,,,,,,,,,,0.0,,,
2010-12-21 20:00:00,,,,,,,,,,,,,,,,,,,,,0.0,,,
2010-12-21 21:00:00,,,,,,,,,,,,,,,,,,,,,0.0,,,
2010-12-21 22:00:00,,,,,,,,,,,,,,,,,,,,,0.0,,,
2010-12-21 23:00:00,,,,,,,,,,,,,,,,,,,,,0.0,,,
2010-12-22 00:00:00,,,,,,,,,,,,,,,,,,,,,0.0,,,
2010-12-22 01:00:00,,,,,,,,,,,,,,,,,,,,,0.0,,,
2010-12-22 02:00:00,,,,,,,,,,,,,,,,,,,,,0.0,,,
2010-12-22 03:00:00,,,,,,,,,,,,,,,,,,,,,0.0,,,
2010-12-22 04:00:00,,,,,,,,,,,,,,,,,,,,,0.0,,,
2010-12-22 05:00:00,,,,,,,,,,,,,,,,,,,,,0.0,,,
2010-12-22 06:00:00,,,,,,,,,,,,,,,,,,,,,0.0,,,
2010-12-22 07:00:00,,,,,,,,,,,,,,,,,,,,,0.0,,,
2010-12-22 08:00:00,,,,,,,,,,,,,,,,,,,,,0.0,,,
2010-12-22 09:00:00,,,,,,,,,,,,,,,,,,,,,0.0,,,
2010-12-22 10:00:00,,,,,,,,,,,,,,,,,,,,,0.0,,,
2010-12-22 11:00:00,,,,,,,,,,,,,,,,,,,,,0.0,,,
2010-12-22 12:00:00,,,,,,,,,,,,,,,,,,,,,0.0,,,
2010-12-22 13:00:00,,,,,,,,,,,,,,,,,,,,,0.0,,,
2010-12-22 14:00:00,,,,,,,,,,,,,,,,,,,,,0.0,,,
2010-12-22 15:00:00,,,,,,,,,,,,,,,,,,,,,0.0,,,
2010-12-22 16:00:00,,,,,,,,,,,,,,,,,,,,,0.0,,,
2010-12-22 17:00:00,,,,,,,,,,,,,,,,,,,,,0.0,,,
2010-12-22 18:00:00,,,,,,,,,,,,,,,,,,,,,0.0,,,
2010-12-22 19:00:00,,,,,,,,,,,,,,,,,,,,,0.0,,,
2010-12-22 20:00:00,,,,,,,,,,,,,,,,,,,,,0.0,,,
2010-12-22 21:00:00,,,,,,,,,,,,,,,,,,,,,0.0,,,
2010-12-22 22:00:00,,,,,,,,,,,,,,,,,,,,,0.0,,,
2010-12-22 23:00:00,,,,,,,,,,,,,,,,,,,,,0.0,,,
2010-12-23 00:00:00,,,,,,,,,,,,,,,,,,,,,0.0,,,
2010-12-23 01:00:00,,,,,,,,,,,,,,,,,,,,,0.0,,,
2010-12-23 02:00:00,,,,,,,,,,,,,,,,,,,,,0.0,,,
2010-12-23 03:00:00,,,,,,,,,,,,,,,,,,,,,0.0,,,
2010-12-23 04:00:00,,,,,,,,,,,,,,,,,,,,,0.0,,,
2010-12-23 05:00:00,,,,,,,,,,,,,,,,,,,,,0.0,,,
2010-12-23 06:00:00,,,,,,,,,,,,,,,,,,,,,0.0,,,
2010-12-23 07:00:00,,,,,,,,,,,,,,,,,,,,,0.0,,,
2010-12-23 08:00:00,,,,,,,,,,,,,,,,,,,,,0.0,,,
2010-12-23 09:00:00,,,,,,,,,,,,,,,,,,,,,0.0,,,
2010-12-23 10:00:00,,,,,,,,,,,,,,,,,,,,,0.0,,,
2010-12-23 11:00:00,,,,,,,,,,,,,,,,,,,,,0.0,,,
2010-12-23 12:00:00,,,,,,,,,,,,,,,,,,,,,0.0,,,
2010-12-23 13:00:00,,,,,,,,,,,,,,,,,,,,,0.0,,,
2010-12-23 14:00:00,,,,,,,,,,,,,,,,,,,,,0.0,,,
2010-12-23 15:00:00,,,,,,,,,,,,,,,,,,,,,0.0,,,
2010-12-23 16:00:00,,,,,,,,,,,,,,,,,,,,,0.0,,,
2010-12-23 17:00:00,,,,,,,,,,,,,,,,,,,,,0.0,,,
2010-12-23 18:00:00,,,,,,,,,,,,,,,,,,,,,0.0,,,
2010-12-23 19:00:00,,,,,,,,,,,,,,,,,,,,,0.0,,,
2010-12-23 20:00:00,,,,,,,,,,,,,,,,,,,,,0.0,,,
2010-12-23 21:00:00,,,,,,,,,,,,,,,,,,,,,0.0,,,
2010-12-23 22:00:00,,,,,,,,,,,,,,,,,,,,,0.0,,,
2010-12-23 23:00:00,,,,,,,,,,,,,,,,,,,,,0.0,,,
2010-12-24 00:00:00,,,,,,,,,,,,,,,,,,,,,0.0,,,
2010-12-24 01:00:00,,,,,,,,,,,,,,,,,,,,,0.0,,,
2010-12-24 02:00:00,,,,,,,,,,,,,,,,,,,,,0.0,,,
2010-12-24 03:00:00,,,,,,,,,,,,,,,,,,,,,0.0,,,
2010-12-24 04:00:00,,,,,,,,,,,,,,,,,,,,,0.0,,,
2010-12-24 05:00:00,,,,,,,,,,,,,,,,,,,,,0.0,,,
2010-12-24 06:00:00,,,,,,,,,,,,,,,,,,,,,0.0,,,
2010-12-24 07:00:00,,,,,,,,,,,,,,,,,,,,,0.0,,,
2010-12-24 08:00:00,,,,,,,,,,,,,,,,,,,,,0.0,,,
2010-12-24 09:00:00,,,,,,,,,,,,,,,,,,,,,0.0,,,
2010-12-24 10:00:00,,,,,,,,,,,,,,,,,,,,,0.0,,,
2010-12-24 11:00:00,,,,,,,,,,,,,,,,,,,,,0.0,,,
2010-12-24 12:00:00,,,,,,,,,,,,,,,,,,,,,0.0,,,
2010-12-24 13:00:00,,,,,,,,,,,,,,,,,,,,,0.0,,,
2010-12-24 14:00:00,,,,,,,,,,,,,,,,,,,,,0.0,,,
2010-12-24 15:00:00,,,,,,,,,,,,,,,,,,,,,0.0,,,
2010-12-24 16:00:00,,,,,,,,,,,,,,,,,,,,,0.0,,,
2010-12-24 17:00:00,,,,,,,,,,,,,,,,,,,,,0.0,,,
2010-12-24 18:00:00,,,,,,,,,,,,,,,,,,,,,0.0,,,
2010-12-24 19:00:00,,,,,,,,,,,,,,,,,,,,,0.0,,,
2010-12-24 20:00:00,,,,,,,,,,,,,,,,,,,,,0.0,,,
2010-12-24 21:00:00,,,,,,,,,,,,,,,,,,,,,0.0,,,
2010-12-24 22:00:00,,,,,,,,,,,,,,,,,,,,,0.0,,,
2010-12-24 23:00:00,,,,,,,,,,,,,,,,,,,,,0.0,,,
2010-12-25 00:00:00,,,,,,,,,,,,,,,,,,,,,0.0,,,
2010-12-25 01:00:00,,,,,,,,,,,,,,,,,,,,,0.0,,,
2010-12-25 02:00:00,,,,,,,,,,,,,,,,,,,,,0.0,,,
2010-12-25 03:00:00,,,,,,,,,,,,,,,,,,,,,0.0,,,
2010-12-25 04:00:00,,,,,,,,,,,,,,,,,,,,,0.0,,,
2010-12-25 05:00:00,,,,,,,,,,,,,,,,,,,,,0.0,,,
2010-12-25 06:00:00,,,,,,,,,,,,,,,,,,,,,0.0,,,
2010-12-25 07:00:00,,,,,,,,,,,,,,,,,,,,,0.0,,,
2010-12-25 08:00:00,,,,,,,,,,,,,,,,,,,,,0.0,,,
2010-12-25 09:00:00,,,,,,,,,,,,,,,,,,,,,0.0,,,
2010-12-25 10:00:00,,,,,,,,,,,,,,,,,,,,,0.0,,,
2010-12-25 11:00:00,,,,,,,,,,,,,,,,,,,,,0.0,,,
2010-12-25 12:00:00,,,,,,,,,,,,,,,,,,,,,0.0,,,
2010-12-25 13:00:00,,,,,,,,,,,,,,,,,,,,,0.0,,,
2010-12-25 14:00:00,,,,,,,,,,,,,,,,,,,,,0.0,,,
2010-12-25 15:00:00,,,,,,,,,,,,,,,,,,,,,0.0,,,
2010-12-25 16:00:00,,,,,,,,,,,,,,,,,,,,,0.0,,,
2010-12-25 17:00:00,,,,,,,,,,,,,,,,,,,,,0.0,,,
2010-12-25 18:00:00,,,,,,,,,,,,,,,,,,,,,0.0,,,
2010-12-25 19:00:00,,,,,,,,,,,,,,,,,,,,,0.0,,,
2010-12-25 20:00:00,,,,,,,,,,,,,,,,,,,,,0.0,,,
2010-12-25 21:00:00,,,,,,,,,,,,,,,,,,,,,0.0,,,
2010-12-25 22:00:00,,,,,,,,,,,,,,,,,,,,,0.0,,,
2010-12-25 23:00:00,,,,,,,,,,,,,,,,,,,,,0.0,,,
2010-12-26 00:00:00,,,,,,,,,,,,,,,,,,,,,0.0,,,
2010-12-26 01:00:00,,,,,,,,,,,,,,,,,,,,,0.0,,,
2010-12-26 02:00:00,,,,,,,,,,,,,,,,,,,,,0.0,,,
2010-12-26 03:00:00,,,,,,,,,,,,,,,,,,,,,0.0,,,
2010-12-26 04:00:00,,,,,,,,,,,,,,,,,,,,,0.0,,,
2010-12-26 05:00:00,,,,,,,,,,,,,,,,,,,,,0.0,,,
2010-12-26 06:00:00,,,,,,,,,,,,,,,,,,,,,0.0,,,
2010-12-26 07:00:00,,,,,,,,,,,,,,,,,,,,,0.0,,,
2010-12-26 08:00:00,,,,,,,,,,,,,,,,,,,,,0.0,,,
2010-12-26 09:00:00,,,,,,,,,,,,,,,,,,,,,0.0,,,
2010-12-26 10:00:00,,,,,,,,,,,,,,,,,,,,,0.0,,,
2010-12-26 11:00:00,,,,,,,,,,,,,,,,,,,,,0.0,,,
2010-12-26 12:00:00,,,,,,,,,,,,,,,,,,,,,0.0,,,
2010-12-26 13:00:00,,,,,,,,,,,,,,,,,,,,,0.0,,,
2010-12-26 14:00:00,,,,,,,,,,,,,,,,,,,,,0.0,,,
2010-12-26 15:00:00,,,,,,,,,,,,,,,,,,,,,0.0,,,
2010-12-26 16:00:00,,,,,,,,,,,,,,,,,,,,,0.0,,,
2010-12-26 17:00:00,,,,,,,,,,,,,,,,,,,,,0.0,,,
2010-12-26 18:00:00,,,,,,,,,,,,,,,,,,,,,0.0,,,
2010-12-26 19:00:00,,,,,,,,,,,,,,,,,,,,,0.0,,,
2010-12-26 20:00:00,,,,,,,,,,,,,,,,,,,,,0.0,,,
2010-12-26 21:00:00,,,,,,,,,,,,,,,,,,,,,0.0,,,
2010-12-26 22:00:00,,,,,,,,,,,,,,,,,,,,,0.0,,,
2010-12-26 23:00:00,,,,,,,,,,,,,,,,,,,,,0.0,,,
2010-12-27 00:00:00,,,,,,,,,,,,,,,,,,,,,0.0,,,
2010-12-27 01:00:00,,,,,,,,,,,,,,,,,,,,,0.0,,,
2010-12-27 02:00:00,,,,,,,,,,,,,,,,,,,,,0.0,,,
2010-12-27 03:00:00,,,,,,,,,,,,,,,,,,,,,0.0,,,
2010-12-27 04:00:00,,,,,,,,,,,,,,,,,,,,,0.0,,,
2010-12-27 05:00:00,,,,,,,,,,,,,,,,,,,,,0.0,,,
2010-12-27 06:00:00,,,,,,,,,,,,,,,,,,,,,0.0,,,
2010-12-27 07:00:00,,,,,,,,,,,,,,,,,,,,,0.0,,,
2010-12-27 08:00:00,,,,,,,,,,,,,,,,,,,,,0.0,,,
2010-12-27 09:00:00,,,,,,,,,,,,,,,,,,,,,0.0,,,
2010-12-27 10:00:00,,,,,,,,,,,,,,,,,,,,,0.0,,,
2010-12-27 11:00:00,,,,,,,,,,,,,,,,,,,,,0.0,,,
2010-12-27 12:00:00,,,,,,,,,,,,,,,,,,,,,0.0,,,
2010-12-27 13:00:00,,,,,,,,,,,,,,,,,,,,,0.0,,,
2010-12-27 14:00:00,,,,,,,,,,,,,,,,,,,,,0.0,,,
2010-12-27 15:00:00,,,,,,,,,,,,,,,,,,,,,0.0,,,
2010-12-27 16:00:00,,,,,,,,,,,,,,,,,,,,,0.0,,,
2010-12-27 17:00:00,,,,,,,,,,,,,,,,,,,,,0.0,,,
2010-12-27 18:00:00,,,,,,,,,,,,,,,,,,,,,0.0,,,
2010-12-27 19:00:00,,,,,,,,,,,,,,,,,,,,,0.0,,,
2010-12-27 20:00:00,,,,,,,,,,,,,,,,,,,,,0.0,,,
2010-12-27 21:00:00,,,,,,,,,,,,,,,,,,,,,0.0,,,
2010-12-27 22:00:00,,,,,,,,,,,,,,,,,,,,,0.0,,,
2010-12-27 23:00:00,,,,,,,,,,,,,,,,,,,,,0.0,,,
2010-12-28 00:00:00,,,,,,,,,,,,,,,,,,,,,0.0,,,
2010-12-28 01:00:00,,,,,,,,,,,,,,,,,,,,,0.0,,,
2010-12-28 02:00:00,,,,,,,,,,,,,,,,,,,,,0.0,,,
2010-12-28 03:00:00,,,,,,,,,,,,,,,,,,,,,0.0,,,
2010-12-28 04:00:00,,,,,,,,,,,,,,,,,,,,,0.0,,,
2010-12-28 05:00:00,,,,,,,,,,,,,,,,,,,,,0.0,,,
2010-12-28 06:00:00,,,,,,,,,,,,,,,,,,,,,0.0,,,
2010-12-28 07:00:00,,,,,,,,,,,,,,,,,,,,,0.0,,,
2010-12-28 08:00:00,,,,,,,,,,,,,,,,,,,,,0.0,,,
2010-12-28 09:00:00,,,,,,,,,,,,,,,,,,,,,0.0,,,
2010-12-28 10:00:00,,,,,,,,,,,,,,,,,,,,,0.0,,,
2010-12-28 11:00:00,,,,,,,,,,,,,,,,,,,,,0.0,,,
2010-12-28 12:00:00,,,,,,,,,,,,,,,,,,,,,0.0,,,
2010-12-28 13:00:00,,,,,,,,,,,,,,,,,,,,,0.0,,,
2010-12-28 14:00:00,,,,,,,,,,,,,,,,,,,,,0.0,,,
2010-12-28 15:00:00,,,,,,,,,,,,,,,,,,,,,0.0,,,
2010-12-28 16:00:00,,,,,,,,,,,,,,,,,,,,,0.0,,,
2010-12-28 17:00:00,,,,,,,,,,,,,,,,,,,,,0.0,,,
2010-12-28 18:00:00,,,,,,,,,,,,,,,,,,,,,0.0,,,
2010-12-28 19:00:00,,,,,,,,,,,,,,,,,,,,,0.0,,,
2010-12-28 20:00:00,,,,,,,,,,,,,,,,,,,,,0.0,,,
2010-12-28 21:00:00,,,,,,,,,,,,,,,,,,,,,0.0,,,
2010-12-28 22:00:00,,,,,,,,,,,,,,,,,,,,,0.0,,,
2010-12-28 23:00:00,,,,,,,,,,,,,,,,,,,,,0.0,,,
2010-12-29 00:00:00,,,,,,,,,,,,,,,,,,,,,0.0,,,
2010-12-29 01:00:00,,,,,,,,,,,,,,,,,,,,,0.0,,,
2010-12-29 02:00:00,,,,,,,,,,,,,,,,,,,,,0.0,,,
2010-12-29 03:00:00,,,,,,,,,,,,,,,,,,,,,0.0,,,
2010-12-29 04:00:00,,,,,,,,,,,,,,,,,,,,,0.0,,,
2010-12-29 05:00:00,,,,,,,,,,,,,,,,,,,,,0.0,,,
2010-12-29 06:00:00,,,,,,,,,,,,,,,,,,,,,0.0,,,
2010-12-29 07:00:00,,,,,,,,,,,,,,,,,,,,,0.0,,,
2010-12-29 08:00:00,,,,,,,,,,,,,,,,,,,,,0.0,,,
2010-12-29 09:00:00,,,,,,,,,,,,,,,,,,,,,0.0,,,
2010-12-29 10:00:00,,,,,,,,,,,,,,,,,,,,,0.0,,,
2010-12-29 11:00:00,,,,,,,,,,,,,,,,,,,,,0.0,,,
2010-12-29 12:00:00,,,,,,,,,,,,,,,,,,,,,0.0,,,
2010-12-29 13:00:00,,,,,,,,,,,,,,,,,,,,,0.0,,,
2010-12-29 14:00:00,,,,,,,,,,,,,,,,,,,,,0.0,,,
2010-12-29 15:00:00,,,,,,,,,,,,,,,,,,,,,0.0,,,
2010-12-29 16:00:00,,,,,,,,,,,,,,,,,,,,,0.0,,,
2010-12-29 17:00:00,,,,,,,,,,,,,,,,,,,,,0.0,,,
2010-12-29 18:00:00,,,,,,,,,,,,,,,,,,,,,0.0,,,
2010-12-29 19:00:00,,,,,,,,,,,,,,,,,,,,,0.0,,,
2010-12-29 20:00:00,,,,,,,,,,,,,,,,,,,,,0.0,,,
2010-12-29 21:00:00,,,,,,,,,,,,,,,,,,,,,0.0,,,
2010-12-29 22:00:00,,,,,,,,,,,,,,,,,,,,,0.0,,,
2010-12-29 23:00:00,,,,,,,,,,,,,,,,,,,,,0.0,,,
2010-12-30 00:00:00,,,,,,,,,,,,,,,,,,,,,0.0,,,
2010-12-30 01:00:00,,,,,,,,,,,,,,,,,,,,,0.0,,,
2010-12-30 02:00:00,,,,,,,,,,,,,,,,,,,,,0.0,,,
2010-12-30 03:00:00,,,,,,,,,,,,,,,,,,,,,0.0,,,
2010-12-30 04:00:00,,,,,,,,,,,,,,,,,,,,,0.0,,,
2010-12-30 05:00:00,,,,,,,,,,,,,,,,,,,,,0.0,,,
2010-12-30 06:00:00,,,,,,,,,,,,,,,,,,,,,0.0,,,
2010-12-30 07:00:00,,,,,,,,,,,,,,,,,,,,,0.0,,,
2010-12-30 08:00:00,,,,,,,,,,,,,,,,,,,,,0.0,,,
2010-12-30 09:00:00,,,,,,,,,,,,,,,,,,,,,0.0,,,
2010-12-30 10:00:00,,,,,,,,,,,,,,,,,,,,,0.0,,,
2010-12-30 11:00:00,,,,,,,,,,,,,,,,,,,,,0.0,,,
2010-12-30 12:00:00,,,,,,,,,,,,,,,,,,,,,0.0,,,
2010-12-30 13:00:00,,,,,,,,,,,,,,,,,,,,,0.0,,,
2010-12-30 14:00:00,,,,,,,,,,,,,,,,,,,,,0.0,,,
2010-12-30 15:00:00,,,,,,,,,,,,,,,,,,,,,0.0,,,
2010-12-30 16:00:00,,,,,,,,,,,,,,,,,,,,,0.0,,,
2010-12-30 17:00:00,,,1.08,52.87,53.95,,2.7,0.0,119.84,0.0,0.0,0.0,,,,24.07,36.66,0.41,359.25,,0.0,29.35,993.83,0.2
2010-12-30 18:00:00,,,1.02,71.7,72.71,,3.5,0.0,108.92,0.0,0.0,0.0,,,,23.02,38.88,0.39,,,0.0,0.86,997.74,0.2
2010-12-30 19:00:00,,,1.7,90.45,92.12,,3.92,0.0,102.77,0.0,0.0,0.0,,,,22.1,40.42,0.32,,,0.0,0.54,1002.08,0.2
2010-12-30 20:00:00,,,4.44,106.29,110.73,,2.18,0.0,80.07,0.0,0.0,0.0,,,,21.4,42.1,0.29,354.09,,0.0,0.55,1005.66,0.2
2010-12-30 21:00:00,,,4.54,104.95,109.49,,3.54,0.0,75.24,0.0,0.0,0.0,,,,20.62,42.96,0.15,,,0.0,0.55,1008.1,0.2
2010-12-30 22:00:00,,,57.75,140.67,198.42,,4.23,0.02,57.68,0.0,0.0,0.0,,,,19.51,48.05,0.1,271.2,,0.0,0.58,1009.73,0.2
2010-12-30 23:00:00,,,31.66,138.32,169.98,,2.93,1.12,66.98,0.0,0.0,0.0,,,,18.37,51.5,0.1,237.05,,0.0,0.59,1009.97,0.2
2010-12-31 00:00:00,,,47.94,136.56,184.5,,4.86,1.31,60.88,0.0,0.0,0.0,,,,17.52,57.2,0.1,221.24,,0.0,0.6,1009.06,0.2
2010-12-31 01:00:00,,,58.85,148.44,207.3,,8.17,1.47,46.37,0.0,0.0,0.0,,,,17.35,59.7,0.1,233.75,,0.0,0.6,1008.56,0.2
2010-12-31 02:00:00,,,36.83,139.42,176.24,,5.17,1.48,44.7,0.0,0.0,0.0,,,,17.64,55.89,0.24,334.81,,0.0,0.6,1008.7,0.2
2010-12-31 03:00:00,,,1.28,90.54,91.82,,6.64,0.84,75.47,0.0,0.0,0.0,,,,17.51,51.11,0.18,,,0.0,0.6,1008.03,0.2
2010-12-31 04:00:00,,,1.27,86.04,87.16,,17.37,0.53,75.91,0.0,0.0,0.0,,,,16.72,53.28,0.22,,,0.0,0.6,1008.54,0.2
2010-12-31 05:00:00,,,1.28,95.7,96.29,,15.01,0.5,71.88,0.0,0.0,0.0,,,,16.53,54.2,0.16,198.44,,0.0,0.6,1009.26,0.2
2010-12-31 06:00:00,,,10.64,108.22,118.66,,11.52,0.65,61.57,0.0,0.0,0.0,,,,15.8,58.73,0.18,181.51,,0.0,0.63,1012.6,0.2
2010-12-31 07:00:00,,,8.47,119.9,128.37,,18.16,0.72,55.77,0.0,0.0,0.0,,,,15.9,57.22,0.19,164.14,,0.0,15.84,1015.95,0.2
2010-12-31 08:00:00,,,7.95,128.8,136.75,,19.32,0.97,57.58,0.0,0.0,0.0,,,,17.43,47.44,0.2,184.85,,0.0,65.37,1019.5,0.2
2010-12-31 09:00:00,,,5.49,113.2,118.69,,23.25,0.99,74.34,0.0,0.0,0.0,,,,19.23,36.02,0.39,225.38,,0.0,237.1,1022.22,0.2
2010-12-31 10:00:00,,,4.1,89.74,93.84,,34.44,0.59,85.64,0.0,0.0,0.0,,,,21.08,30.08,0.46,305.85,,0.0,483.58,1020.86,0.2
2010-12-31 11:00:00,,,3.74,74.54,78.28,,36.08,0.2,89.57,0.0,0.0,0.0,,,,23.42,21.26,0.4,289.16,,0.0,589.27,1017.88,0.2
2010-12-31 12:00:00,,,2.13,51.78,53.92,,19.98,0.0,101.22,0.0,0.0,0.0,,,,24.35,16.15,0.43,323.52,,0.0,626.59,1010.85,0.2
2010-12-31 13:00:00,,,1.6,43.3,44.9,,17.34,0.0,109.24,0.0,0.0,0.0,,,,24.75,15.32,0.5,243.96,,0.0,606.79,1003.13,0.2
2010-12-31 14:00:00,,,1.48,39.4,40.88,,17.35,0.0,108.7,0.0,0.0,0.0,,,,24.91,14.56,0.36,321.7,,0.0,371.26,999.04,0.2
2010-12-31 15:00:00,,,1.73,44.86,46.58,,13.68,0.0,110.15,0.0,0.0,0.0,,,,24.78,14.02,0.38,265.55,,0.0,113.2,997.08,0.2
2010-12-31 16:00:00,,,2.01,52.98,55.0,,11.06,0.0,105.56,0.0,0.0,0.0,,,,24.29,12.64,0.36,250.21,,0.0,184.72,997.54,0.2
2010-12-31 17:00:00,,,3.58,75.6,79.18,,1.58,0.0,90.36,0.0,0.0,0.0,,,,22.99,14.41,0.29,140.42,,0.0,42.58,1000.14,0.2
2010-12-31 18:00:00,,,4.72,112.59,117.31,,7.0,0.0,71.09,0.0,0.0,0.0,,,,21.76,18.48,0.24,243.2,,0.0,0.98,1003.28,0.2
2010-12-31 19:00:00,,,19.99,131.07,151.06,,4.38,0.32,69.04,0.0,0.0,0.0,,,,20.84,21.56,0.11,192.76,,0.0,0.55,1007.0,0.2
2010-12-31 20:00:00,,,54.36,145.38,199.74,,0.65,1.12,64.19,0.0,0.0,0.0,,,,19.52,26.66,0.1,264.31,,0.0,0.56,1011.28,0.2
2010-12-31 21:00:00,,,92.46,174.86,267.32,,4.7,2.08,47.11,0.0,0.0,0.0,,,,18.51,30.56,0.1,277.62,,0.0,0.57,1014.47,0.2
2010-12-31 22:00:00,,,86.14,178.98,265.11,,6.02,2.17,39.7,0.0,0.0,0.0,,,,18.42,29.27,0.14,129.2,,0.0,0.57,1015.05,0.2
2010-12-31 23:00:00,,,27.78,153.39,181.18,,3.06,1.22,49.51,0.0,0.0,0.0,,,,17.7,28.77,0.14,77.25,,0.0,0.58,1014.2,0.2
